handle,title,vendor,media_id,old_alt,new_alt,image_url
haywood,Stetson Haywood 10X,STETSON,gid://shopify/MediaImage/43266731180336,,"Stetson Haywood 10X, shantung straw cowboy hat",https://cdn.shopify.com/s/files/1/0885/7180/6000/files/image_ccd8f35c-bc82-43fb-8c0d-112c58f67f0e.png?v=1775504721
haywood,Stetson Haywood 10X,STETSON,gid://shopify/MediaImage/43266731245872,,"Stetson Haywood 10X, shantung straw cowboy hat, another angle",https://cdn.shopify.com/s/files/1/0885/7180/6000/files/image_aaabe54a-d267-40a5-b478-230252886a1e.png?v=1775504721
haywood,Stetson Haywood 10X,STETSON,gid://shopify/MediaImage/43266731278640,,"Stetson Haywood 10X, shantung straw cowboy hat",https://cdn.shopify.com/s/files/1/0885/7180/6000/files/image_d71fd940-3c7c-4e66-a581-85f79fe2d89a.png?v=1775504721
kings-row-peach-band,Stetson Kings Row,STETSON,gid://shopify/MediaImage/43858462081328,,"Stetson Kings Row, fur felt gambler hat in brown",https://cdn.shopify.com/s/files/1/0885/7180/6000/files/Kings_Row_Brown.png?v=1781674119
kings-row-peach-band,Stetson Kings Row,STETSON,gid://shopify/MediaImage/43858462114096,,"Stetson Kings Row, fur felt gambler hat in cream top view",https://cdn.shopify.com/s/files/1/0885/7180/6000/files/Kings_Row_Cream_Top_fbcfb1f3-8e12-451a-9eb4-72cbf52529fc.png?v=1781674119
kings-row-peach-band,Stetson Kings Row,STETSON,gid://shopify/MediaImage/43858462146864,,"Stetson Kings Row, fur felt gambler hat in chocolate",https://cdn.shopify.com/s/files/1/0885/7180/6000/files/Kings_Row_Brown2_070e1219-0bb5-4352-b588-9c402494fa13.png?v=1781674119
kings-row-peach-band,Stetson Kings Row,STETSON,gid://shopify/MediaImage/43858462179632,,"Stetson Kings Row, fur felt gambler hat in silver grey",https://cdn.shopify.com/s/files/1/0885/7180/6000/files/Kings_Row_Cream_996c7920-8f29-4aab-8819-4f5f8563ff18.png?v=1781674119
midtown,Stetson Midtown,STETSON,gid://shopify/MediaImage/42366990778672,,"Stetson Midtown, wool felt fedora in bone",https://cdn.shopify.com/s/files/1/0885/7180/6000/files/Midtown_4.webp?v=1762740170
midtown,Stetson Midtown,STETSON,gid://shopify/MediaImage/42367124144432,,"Stetson Midtown, wool felt fedora in cognac, another angle",https://cdn.shopify.com/s/files/1/0885/7180/6000/files/Midtown_5.webp?v=1762740303
midtown,Stetson Midtown,STETSON,gid://shopify/MediaImage/42367566709040,,"Stetson Midtown, wool felt fedora in stonewash",https://cdn.shopify.com/s/files/1/0885/7180/6000/files/Midtown_6.webp?v=1762740638
midtown,Stetson Midtown,STETSON,gid://shopify/MediaImage/42366982947120,,"Stetson Midtown, wool felt fedora in black",https://cdn.shopify.com/s/files/1/0885/7180/6000/files/Midtown_2.webp?v=1762740638
midtown,Stetson Midtown,STETSON,gid://shopify/MediaImage/42366986584368,,"Stetson Midtown, wool felt fedora in burgundy",https://cdn.shopify.com/s/files/1/0885/7180/6000/files/Midtown_3.webp?v=1762740638
stetson-royal-deluxe-open-road,Stetson Royal Deluxe Open Road,STETSON,gid://shopify/MediaImage/43736757305648,,"Stetson Royal Deluxe Open Road, fur felt cattleman's crease",https://cdn.shopify.com/s/files/1/0885/7180/6000/files/image_721c8860-326d-4a65-8830-0bb4c64af4e3.png?v=1780876436
stetson-royal-deluxe-open-road,Stetson Royal Deluxe Open Road,STETSON,gid://shopify/MediaImage/43736757338416,,"Stetson Royal Deluxe Open Road, fur felt cattleman's crease, another angle",https://cdn.shopify.com/s/files/1/0885/7180/6000/files/image_7b3ffdad-bcbe-47a4-b82d-f69c6133fdd7.png?v=1780876436
stetson-royal-deluxe-open-road,Stetson Royal Deluxe Open Road,STETSON,gid://shopify/MediaImage/43736757371184,,"Stetson Royal Deluxe Open Road, fur felt cattleman's crease",https://cdn.shopify.com/s/files/1/0885/7180/6000/files/image_8c8b4375-c910-4130-ad64-24beacfb13f2.png?v=1780876436
stetson-royal-deluxe-open-road,Stetson Royal Deluxe Open Road,STETSON,gid://shopify/MediaImage/43736757403952,,"Stetson Royal Deluxe Open Road, fur felt cattleman's crease",https://cdn.shopify.com/s/files/1/0885/7180/6000/files/image_0564472f-a28e-49a7-b5bf-ee741ee9d3a0.png?v=1780876436
stetson-royal-deluxe-open-road,Stetson Royal Deluxe Open Road,STETSON,gid://shopify/MediaImage/43736757436720,,"Stetson Royal Deluxe Open Road, fur felt cattleman's crease",https://cdn.shopify.com/s/files/1/0885/7180/6000/files/image_38d6799f-9a11-4791-9330-628d2a63dc86.jpg?v=1780876436
stetson-royal-deluxe-open-road,Stetson Royal Deluxe Open Road,STETSON,gid://shopify/MediaImage/43736757469488,,"Stetson Royal Deluxe Open Road, fur felt cattleman's crease",https://cdn.shopify.com/s/files/1/0885/7180/6000/files/image_ea31e33b-673b-442c-9c43-b10930b1d73b.jpg?v=1780876436
stetson-royal-deluxe-open-road,Stetson Royal Deluxe Open Road,STETSON,gid://shopify/MediaImage/43736757502256,,"Stetson Royal Deluxe Open Road, fur felt cattleman's crease in silverbelly",https://cdn.shopify.com/s/files/1/0885/7180/6000/files/Open_Road_Silverbelly_7fa439cb-cbf6-4474-9488-b9c758d597a8.png?v=1780876436
stetson-royal-deluxe-open-road,Stetson Royal Deluxe Open Road,STETSON,gid://shopify/MediaImage/43736757535024,,"Stetson Royal Deluxe Open Road, fur felt cattleman's crease in black",https://cdn.shopify.com/s/files/1/0885/7180/6000/files/Open_Road_Black_d1b752dd-8487-4cf6-9013-fed7a7cd536c.png?v=1780876436
stetson-royal-deluxe-open-road,Stetson Royal Deluxe Open Road,STETSON,gid://shopify/MediaImage/43736757567792,,"Stetson Royal Deluxe Open Road, fur felt cattleman's crease in cognac",https://cdn.shopify.com/s/files/1/0885/7180/6000/files/Open_Road_Brown_063f5191-14ef-4320-8680-7aae4af70127.png?v=1780876436
stetson-royal-deluxe-open-road,Stetson Royal Deluxe Open Road,STETSON,gid://shopify/MediaImage/43736757600560,,"Stetson Royal Deluxe Open Road, fur felt cattleman's crease in caribou",https://cdn.shopify.com/s/files/1/0885/7180/6000/files/Open_Road_Carabou_eddb2a5f-5806-4a09-9602-4f253222278e.png?v=1780876436
skyline,Stetson Skyline 6X,STETSON,gid://shopify/MediaImage/43266688876848,,"Stetson Skyline 6X, 6x fur felt cowboy hat",https://cdn.shopify.com/s/files/1/0885/7180/6000/files/Skyline1.png?v=1775503955
skyline,Stetson Skyline 6X,STETSON,gid://shopify/MediaImage/43266688909616,,"Stetson Skyline 6X, 6x fur felt cowboy hat in granite grey, another angle",https://cdn.shopify.com/s/files/1/0885/7180/6000/files/Skyline.png?v=1775503955
skyline,Stetson Skyline 6X,STETSON,gid://shopify/MediaImage/43266688942384,,"Stetson Skyline 6X, 6x fur felt cowboy hat in black",https://cdn.shopify.com/s/files/1/0885/7180/6000/files/Skyline_Black.png?v=1775503955
skyline,Stetson Skyline 6X,STETSON,gid://shopify/MediaImage/43266688975152,,"Stetson Skyline 6X, 6x fur felt cowboy hat in silverbelly",https://cdn.shopify.com/s/files/1/0885/7180/6000/files/image_7e739344-84c7-4add-98bc-80f865b6260f.png?v=1775503955
skyline,Stetson Skyline 6X,STETSON,gid://shopify/MediaImage/43266689007920,,"Stetson Skyline 6X, 6x fur felt cowboy hat in sahara",https://cdn.shopify.com/s/files/1/0885/7180/6000/files/image_b1609261-5c70-469e-ba5a-e833a7e8d88c.png?v=1775503955
skyline,Stetson Skyline 6X,STETSON,gid://shopify/MediaImage/43266689040688,,"Stetson Skyline 6X, 6x fur felt cowboy hat in chocolate",https://cdn.shopify.com/s/files/1/0885/7180/6000/files/image_74d27173-5f85-4863-9cfc-b3449a2e028c.png?v=1775503955
skyline,Stetson Skyline 6X,STETSON,gid://shopify/MediaImage/43266709946672,,"Stetson Skyline 6X, 6x fur felt cowboy hat",https://cdn.shopify.com/s/files/1/0885/7180/6000/files/image_587a4c4d-ce10-4dba-9939-9a295c6c70bf.png?v=1775504244
skyline,Stetson Skyline 6X,STETSON,gid://shopify/MediaImage/43266710372656,,"Stetson Skyline 6X, 6x fur felt cowboy hat",https://cdn.shopify.com/s/files/1/0885/7180/6000/files/image_296546c6-3f74-44cd-8a82-28047f53beed.png?v=1775504260
skyline,Stetson Skyline 6X,STETSON,gid://shopify/MediaImage/43266710700336,,"Stetson Skyline 6X, 6x fur felt cowboy hat",https://cdn.shopify.com/s/files/1/0885/7180/6000/files/image_8600d348-b4a9-4288-aaea-81ef4107dab9.png?v=1775504265
bozeman,Stetson Bozeman,STETSON,gid://shopify/MediaImage/42368886735152,,"Stetson Bozeman, crushable wool hat in mushroom",https://cdn.shopify.com/s/files/1/0885/7180/6000/files/Bozeman_Mushroom.webp?v=1762742640
bozeman,Stetson Bozeman,STETSON,gid://shopify/MediaImage/42368884474160,,"Stetson Bozeman, crushable wool hat in light brown",https://cdn.shopify.com/s/files/1/0885/7180/6000/files/Bozeman_Light_Brown_2.webp?v=1762742640
bozeman,Stetson Bozeman,STETSON,gid://shopify/MediaImage/42368877658416,,"Stetson Bozeman, crushable wool hat in black",https://cdn.shopify.com/s/files/1/0885/7180/6000/files/Bozeman_Black.webp?v=1762742640
bozeman,Stetson Bozeman,STETSON,gid://shopify/MediaImage/42368889618736,,"Stetson Bozeman, crushable wool hat in steel",https://cdn.shopify.com/s/files/1/0885/7180/6000/files/Bozeman_Steel.webp?v=1762742729
open-road-25,Stetson Open Road 6X,STETSON,gid://shopify/MediaImage/43736767693104,,"Stetson Open Road 6X, 6x straw cattleman's crease in natural",https://cdn.shopify.com/s/files/1/0885/7180/6000/files/OpenRoadStraw25_1.png?v=1780876542
laurel-hill,Stetson Laurel Hill Felt,STETSON,gid://shopify/MediaImage/43034763690288,,"Stetson Laurel Hill Felt, wool felt fedora in eucalyptus",https://cdn.shopify.com/s/files/1/0885/7180/6000/files/XWLRLH-0336EU.webp?v=1773050650
laurel-hill,Stetson Laurel Hill Felt,STETSON,gid://shopify/MediaImage/43034763755824,,"Stetson Laurel Hill Felt, wool felt fedora in stonewash, another angle",https://cdn.shopify.com/s/files/1/0885/7180/6000/files/XWLRLH-0336S9_ALT02.webp?v=1773050650
laurel-hill,Stetson Laurel Hill Felt,STETSON,gid://shopify/MediaImage/43034763591984,,"Stetson Laurel Hill Felt, wool felt fedora",https://cdn.shopify.com/s/files/1/0885/7180/6000/files/XWLRLH-0336EU_ALT01.webp?v=1773050649
laurel-hill,Stetson Laurel Hill Felt,STETSON,gid://shopify/MediaImage/43034763624752,,"Stetson Laurel Hill Felt, wool felt fedora",https://cdn.shopify.com/s/files/1/0885/7180/6000/files/XWLRLH-0336EU_ALT02.webp?v=1773050649
laurel-hill,Stetson Laurel Hill Felt,STETSON,gid://shopify/MediaImage/43034763657520,,"Stetson Laurel Hill Felt, wool felt fedora",https://cdn.shopify.com/s/files/1/0885/7180/6000/files/XWLRLH-0336EU_ALT03.webp?v=1773050649
laurel-hill,Stetson Laurel Hill Felt,STETSON,gid://shopify/MediaImage/43034763723056,,"Stetson Laurel Hill Felt, wool felt fedora",https://cdn.shopify.com/s/files/1/0885/7180/6000/files/XWLRLH-0336S9_ALT01.webp?v=1773050649
laurel-hill,Stetson Laurel Hill Felt,STETSON,gid://shopify/MediaImage/43034763788592,,"Stetson Laurel Hill Felt, wool felt fedora",https://cdn.shopify.com/s/files/1/0885/7180/6000/files/XWLRLH-0336S9_ALT03.webp?v=1773050650
laurel-hill,Stetson Laurel Hill Felt,STETSON,gid://shopify/MediaImage/43034763821360,,"Stetson Laurel Hill Felt, wool felt fedora",https://cdn.shopify.com/s/files/1/0885/7180/6000/files/XWLRLH-0336S9.webp?v=1773050650
kambra,Stetson Kambra,STETSON,gid://shopify/MediaImage/43267886842160,,"Stetson Kambra, shantung straw hat in black",https://cdn.shopify.com/s/files/1/0885/7180/6000/files/XSKMBR-133607_ALT2.webp?v=1775525064
kambra,Stetson Kambra,STETSON,gid://shopify/MediaImage/43267886678320,,"Stetson Kambra, shantung straw hat, another angle",https://cdn.shopify.com/s/files/1/0885/7180/6000/files/XSKMBR-133607_ALT1.webp?v=1775525064
kambra,Stetson Kambra,STETSON,gid://shopify/MediaImage/43267886711088,,"Stetson Kambra, shantung straw hat",https://cdn.shopify.com/s/files/1/0885/7180/6000/files/XSKMBR-133681_ALT2.webp?v=1775525064
kambra,Stetson Kambra,STETSON,gid://shopify/MediaImage/43267886743856,,"Stetson Kambra, shantung straw hat",https://cdn.shopify.com/s/files/1/0885/7180/6000/files/XSKMBR-133607_ALT3.webp?v=1775525064
kambra,Stetson Kambra,STETSON,gid://shopify/MediaImage/43267886776624,,"Stetson Kambra, shantung straw hat",https://cdn.shopify.com/s/files/1/0885/7180/6000/files/XSKMBR-133681_ALT5.jpg?v=1775525064
kambra,Stetson Kambra,STETSON,gid://shopify/MediaImage/43267886809392,,"Stetson Kambra, shantung straw hat in natural",https://cdn.shopify.com/s/files/1/0885/7180/6000/files/XSKMBR-133681_ALT1.webp?v=1775525064
pawnee,Stetson Pawnee 5X,STETSON,gid://shopify/MediaImage/43843688890672,,"Stetson Pawnee 5X, fur felt fedora in black",https://cdn.shopify.com/s/files/1/0885/7180/6000/files/2bde0f137402254c61a883358df983ee_6175293f-bf1a-4c9f-abf3-9b3f615bb5ee.webp?v=1781580330
pawnee,Stetson Pawnee 5X,STETSON,gid://shopify/MediaImage/43843688923440,,"Stetson Pawnee 5X, fur felt fedora, another angle",https://cdn.shopify.com/s/files/1/0885/7180/6000/files/d64e3b2c805850fd8f673fedbcd11b6e_e96dac7c-3d43-4c20-b1ce-f3b6f9db6009.webp?v=1781580330
pawnee,Stetson Pawnee 5X,STETSON,gid://shopify/MediaImage/43843688956208,,"Stetson Pawnee 5X, fur felt fedora in black",https://cdn.shopify.com/s/files/1/0885/7180/6000/files/286ed3b018db79c4d6d2488804a1b878_98d697bb-7fdc-419c-b1ab-99b1512a52b8.webp?v=1781580330
pawnee,Stetson Pawnee 5X,STETSON,gid://shopify/MediaImage/43843688988976,,"Stetson Pawnee 5X, fur felt fedora in black",https://cdn.shopify.com/s/files/1/0885/7180/6000/files/14b10b639a16bcafd11f4376b7057f52_514a4913-1073-44ea-9c05-46f494b61baf.webp?v=1781580330
pawnee,Stetson Pawnee 5X,STETSON,gid://shopify/MediaImage/43843689021744,,"Stetson Pawnee 5X, fur felt fedora in black",https://cdn.shopify.com/s/files/1/0885/7180/6000/files/1a35bd29a768c8fa938c66807fbf9bc3_f2f39106-2efe-40db-808c-88019f5af42a.jpg?v=1781580330
pismo,Stetson Pismo,STETSON,gid://shopify/MediaImage/42366942511408,,"Stetson Pismo, wool felt cowboy hat in powder pink",https://cdn.shopify.com/s/files/1/0885/7180/6000/files/Pismo.webp?v=1762738441
pismo,Stetson Pismo,STETSON,gid://shopify/MediaImage/42366955684144,,"Stetson Pismo, wool felt cowboy hat in stonewash, another angle",https://cdn.shopify.com/s/files/1/0885/7180/6000/files/Pismo_4_9e69607a-4595-4d73-8801-2cf345038131.webp?v=1762738948
pismo,Stetson Pismo,STETSON,gid://shopify/MediaImage/42366955389232,,"Stetson Pismo, wool felt cowboy hat in phantom grey",https://cdn.shopify.com/s/files/1/0885/7180/6000/files/Pismo_2_d649223a-f5b3-4fe7-966e-8c132a9795db.webp?v=1762738931
pismo,Stetson Pismo,STETSON,gid://shopify/MediaImage/42366951915824,,"Stetson Pismo, wool felt cowboy hat",https://cdn.shopify.com/s/files/1/0885/7180/6000/files/Pismo_4.webp?v=1762738976
pismo,Stetson Pismo,STETSON,gid://shopify/MediaImage/42366944346416,,"Stetson Pismo, wool felt cowboy hat",https://cdn.shopify.com/s/files/1/0885/7180/6000/files/Pismo_1.webp?v=1762738976
pismo,Stetson Pismo,STETSON,gid://shopify/MediaImage/42366947557680,,"Stetson Pismo, wool felt cowboy hat",https://cdn.shopify.com/s/files/1/0885/7180/6000/files/Pismo_2.webp?v=1762738976
pismo,Stetson Pismo,STETSON,gid://shopify/MediaImage/42366949458224,,"Stetson Pismo, wool felt cowboy hat",https://cdn.shopify.com/s/files/1/0885/7180/6000/files/Pismo_3.webp?v=1762738976
pismo,Stetson Pismo,STETSON,gid://shopify/MediaImage/42366952931632,,"Stetson Pismo, wool felt cowboy hat",https://cdn.shopify.com/s/files/1/0885/7180/6000/files/Pismo_5.webp?v=1762738836
diamond-jim,Stetson Diamond Jim,STETSON,gid://shopify/MediaImage/43135370658096,,"Stetson Diamond Jim, 5x fur felt fedora in caribou",https://cdn.shopify.com/s/files/1/0885/7180/6000/files/Diamond_Jim.png?v=1773887215
temple,Stetson Temple,STETSON,gid://shopify/MediaImage/43253146878256,,"Stetson Temple, fur felt fedora in black",https://cdn.shopify.com/s/files/1/0885/7180/6000/files/Temple_1_7f68d35a-a016-464b-a9ef-647e3872d6f2.webp?v=1775277442
temple,Stetson Temple,STETSON,gid://shopify/MediaImage/43253146911024,,"Stetson Temple, fur felt fedora, another angle",https://cdn.shopify.com/s/files/1/0885/7180/6000/files/Temple_2_41da818d-7a5b-4a9c-8ece-50c99d770c42.webp?v=1775277442
temple,Stetson Temple,STETSON,gid://shopify/MediaImage/43253146943792,,"Stetson Temple, fur felt fedora in black",https://cdn.shopify.com/s/files/1/0885/7180/6000/files/image_234dc359-f4f0-41ad-be9c-501883a29dfe.webp?v=1775277442
temple,Stetson Temple,STETSON,gid://shopify/MediaImage/43253146976560,,"Stetson Temple, fur felt fedora in black",https://cdn.shopify.com/s/files/1/0885/7180/6000/files/image_678f7694-db68-404d-a2ec-e5788fede7af.webp?v=1775277442
temple,Stetson Temple,STETSON,gid://shopify/MediaImage/43253147009328,,"Stetson Temple, fur felt fedora in black",https://cdn.shopify.com/s/files/1/0885/7180/6000/files/image_381dbcb4-b9c7-46b5-a07e-3acb9c6ac7af.webp?v=1775277441
temple,Stetson Temple,STETSON,gid://shopify/MediaImage/43253147042096,,"Stetson Temple, fur felt fedora in black",https://cdn.shopify.com/s/files/1/0885/7180/6000/files/image_530020ba-4b2f-4e1b-ade2-e6a053190841.jpg?v=1775277442
pure-stratoliner-b,Stetson Pure Stratoliner,STETSON,gid://shopify/MediaImage/43135373279536,,"Stetson Pure Stratoliner, hat in alabaster",https://cdn.shopify.com/s/files/1/0885/7180/6000/files/PureStratoliner.png?v=1773887251
center-dent-panama-fedora,Stetson Center Dent Panama Fedora,STETSON,gid://shopify/MediaImage/43135402967344,,"Stetson Center Dent Panama Fedora, panama straw in natural",https://cdn.shopify.com/s/files/1/0885/7180/6000/files/CenterDent.png?v=1773887451
shasta,Stetson Shasta,STETSON,gid://shopify/MediaImage/42359224664368,,"Stetson Shasta, 10x beaver fur felt cowboy hat in black",https://cdn.shopify.com/s/files/1/0885/7180/6000/files/Shasta_1.png?v=1762576713
shasta,Stetson Shasta,STETSON,gid://shopify/MediaImage/42359211196720,,"Stetson Shasta, 10x beaver fur felt cowboy hat, another angle",https://cdn.shopify.com/s/files/1/0885/7180/6000/files/Shasta_1.webp?v=1762576713
shasta,Stetson Shasta,STETSON,gid://shopify/MediaImage/42274835530032,,"Stetson Shasta, 10x beaver fur felt cowboy hat in black",https://cdn.shopify.com/s/files/1/0885/7180/6000/files/Product_Shot_Sizing_ed0bfc0d-e77c-46fd-ab8a-1a90bffd1608.png?v=1762575599
grant,Stetson Grant 10X,STETSON,gid://shopify/MediaImage/43143011565872,,"Stetson Grant 10X, cowboy hat in natural",https://cdn.shopify.com/s/files/1/0885/7180/6000/files/Grant_T_1.png?v=1773902128
72-llano,Stetson 72 Llano,STETSON,gid://shopify/MediaImage/43853085868336,,"Stetson 72 Llano, 4x wool cowboy hat in chocolate",https://cdn.shopify.com/s/files/1/0885/7180/6000/files/swllno-7242_chocolate_4_1_2_55bd5c3e-8239-49bd-8901-f19fc62d3644.png?v=1781639816
72-llano,Stetson 72 Llano,STETSON,gid://shopify/MediaImage/43853085901104,,"Stetson 72 Llano, 4x wool cowboy hat",https://cdn.shopify.com/s/files/1/0885/7180/6000/files/SWLLNO-7242_49010cd0-144d-4d77-8aa3-9e3975bef987.png?v=1781639816
72-llano,Stetson 72 Llano,STETSON,gid://shopify/MediaImage/43853085933872,,"Stetson 72 Llano, 4x wool cowboy hat, another angle",https://cdn.shopify.com/s/files/1/0885/7180/6000/files/swllno-7242_chocolate_4_1_1_12ae1b5f-6165-43d3-8a9c-efe5b9ff7886.png?v=1781639816
72-llano,Stetson 72 Llano,STETSON,gid://shopify/MediaImage/43853085966640,,"Stetson 72 Llano, 4x wool cowboy hat",https://cdn.shopify.com/s/files/1/0885/7180/6000/files/SWLLNO-7242_32cfe944-c96d-4c83-973e-84be95d769f2.png?v=1781639816
72-llano,Stetson 72 Llano,STETSON,gid://shopify/MediaImage/43853085999408,,"Stetson 72 Llano, 4x wool cowboy hat",https://cdn.shopify.com/s/files/1/0885/7180/6000/files/SWLLNO-7242_47a1937e-4319-419a-ba38-4f5c34bc9822.png?v=1781639816
72-llano,Stetson 72 Llano,STETSON,gid://shopify/MediaImage/43853086032176,,"Stetson 72 Llano, 4x wool cowboy hat in chocolate",https://cdn.shopify.com/s/files/1/0885/7180/6000/files/Llano_723968a7-97c5-4fef-ba62-492ea44c006a.png?v=1781639816
72-llano,Stetson 72 Llano,STETSON,gid://shopify/MediaImage/43853086064944,,"Stetson 72 Llano, 4x wool cowboy hat in black",https://cdn.shopify.com/s/files/1/0885/7180/6000/files/SWLLNO-7242_c0bdf1ea-ce6d-416f-b5b0-f06a86ab8751.png?v=1781639816
lobo,Stetson 10X Lobo,STETSON,gid://shopify/MediaImage/42372838883632,,"Stetson 10X Lobo, shantung straw cowboy hat in natural",https://cdn.shopify.com/s/files/1/0885/7180/6000/files/Lobo.webp?v=1762795875
lobo,Stetson 10X Lobo,STETSON,gid://shopify/MediaImage/42372895572272,,"Stetson 10X Lobo, shantung straw cowboy hat, another angle",https://cdn.shopify.com/s/files/1/0885/7180/6000/files/Lobo_2.webp?v=1762796430
red-rocks,Stetson Red Rocks,STETSON,gid://shopify/MediaImage/43852007211312,,"Stetson Red Rocks, 3x wool cowboy hat",https://cdn.shopify.com/s/files/1/0885/7180/6000/files/SWREDR-724201_ALT2_88fb3b11-7a35-4590-98f7-81f60170a3ac.png?v=1781632502
red-rocks,Stetson Red Rocks,STETSON,gid://shopify/MediaImage/43852007244080,,"Stetson Red Rocks, 3x wool cowboy hat, another angle",https://cdn.shopify.com/s/files/1/0885/7180/6000/files/SWREDR-724201_ALT1_97fae3da-8cdd-4e43-ac52-2135d39d8c8e.png?v=1781632502
red-rocks,Stetson Red Rocks,STETSON,gid://shopify/MediaImage/43852007276848,,"Stetson Red Rocks, 3x wool cowboy hat",https://cdn.shopify.com/s/files/1/0885/7180/6000/files/SWREDR-724201_ALT4_a80c814e-34c2-49bc-ba5a-de4f64ee95cb.png?v=1781632503
red-rocks,Stetson Red Rocks,STETSON,gid://shopify/MediaImage/43852007309616,,"Stetson Red Rocks, 3x wool cowboy hat",https://cdn.shopify.com/s/files/1/0885/7180/6000/files/SWREDR-724207_ALT1_20cb7d43-353b-47fa-9821-823dbe50d75b.png?v=1781632502
red-rocks,Stetson Red Rocks,STETSON,gid://shopify/MediaImage/43852007342384,,"Stetson Red Rocks, 3x wool cowboy hat",https://cdn.shopify.com/s/files/1/0885/7180/6000/files/SWREDR-724207_ALT2_824c4467-f5f9-4dec-8437-9e06829ee90e.png?v=1781632503
red-rocks,Stetson Red Rocks,STETSON,gid://shopify/MediaImage/43852007375152,,"Stetson Red Rocks, 3x wool cowboy hat",https://cdn.shopify.com/s/files/1/0885/7180/6000/files/SWREDR-724207_ALT3_c914b635-0ab7-48a3-afac-a304dfc3acc7.png?v=1781632503
red-rocks,Stetson Red Rocks,STETSON,gid://shopify/MediaImage/43852007407920,,"Stetson Red Rocks, 3x wool cowboy hat in cognac",https://cdn.shopify.com/s/files/1/0885/7180/6000/files/SWREDR-724201_6cbcec6e-7bbd-4f08-ae98-a77535c1263c.png?v=1781632503
red-rocks,Stetson Red Rocks,STETSON,gid://shopify/MediaImage/43852007440688,,"Stetson Red Rocks, 3x wool cowboy hat in black",https://cdn.shopify.com/s/files/1/0885/7180/6000/files/SWREDR-724207_15e40835-f960-48fd-94b4-086359ee707f.png?v=1781632503
el-presidente,Stetson El Presidente,STETSON,gid://shopify/MediaImage/43135378719024,,"Stetson El Presidente, 100x beaver fur felt cowboy hat in black",https://cdn.shopify.com/s/files/1/0885/7180/6000/files/ElPresidente_7b17a5c0-496f-4dd0-9a71-38630c5ffb81.png?v=1773887320
stetson-quicklink-b,Stetson Quicklink,STETSON,gid://shopify/MediaImage/43135384715568,,"Stetson Quicklink, hat in black",https://cdn.shopify.com/s/files/1/0885/7180/6000/files/Quicklink_1.png?v=1773887347
stetson-wildling,Stetson Wildling,STETSON,gid://shopify/MediaImage/43135374852400,,"Stetson Wildling, shantung straw cowboy hat in natural",https://cdn.shopify.com/s/files/1/0885/7180/6000/files/Wildling_2.png?v=1773887283
stetson-batterson,Stetson Batterson,STETSON,gid://shopify/MediaImage/43297898823984,,"Stetson Batterson, wool felt gambler hat in sand (79)",https://cdn.shopify.com/s/files/1/0885/7180/6000/files/Batterson_1_0dd4172f-4858-47cf-9d67-27c2b1653f12.webp?v=1775869352
rush,Stetson Rush,STETSON,gid://shopify/MediaImage/43135408603440,,"Stetson Rush, shantung straw hat in natural",https://cdn.shopify.com/s/files/1/0885/7180/6000/files/Rush_1.png?v=1773887481
stargazer,Stetson The Stargazer,STETSON,gid://shopify/MediaImage/43018491625776,,"Stetson The Stargazer, hat in natural",https://cdn.shopify.com/s/files/1/0885/7180/6000/files/Stargazer.png?v=1772907531
lakeland,Stetson Lakeland,STETSON,gid://shopify/MediaImage/42372336255280,,"Stetson Lakeland, hat in natural",https://cdn.shopify.com/s/files/1/0885/7180/6000/files/Lakeland_1.webp?v=1762793576
helix,Stetson Helix,STETSON,gid://shopify/MediaImage/43261515104560,,"Stetson Helix, shantung straw hat in black (07)",https://cdn.shopify.com/s/files/1/0885/7180/6000/files/Helix_bb7842c6-f007-48f0-b1cd-459cd7d661dc.png?v=1775440304
helix,Stetson Helix,STETSON,gid://shopify/MediaImage/43261515137328,,"Stetson Helix, shantung straw hat, another angle",https://cdn.shopify.com/s/files/1/0885/7180/6000/files/2000363958_001_P3_JPG.png?v=1775440304
helix,Stetson Helix,STETSON,gid://shopify/MediaImage/43261515170096,,"Stetson Helix, shantung straw hat in black (07)",https://cdn.shopify.com/s/files/1/0885/7180/6000/files/2000363958_001_P2_JPG.png?v=1775440305
gambler,Stetson Gambler,STETSON,gid://shopify/MediaImage/42368905183536,,"Stetson Gambler, seagrass straw gambler hat in wheat",https://cdn.shopify.com/s/files/1/0885/7180/6000/files/Gambler.webp?v=1762743356
gambler,Stetson Gambler,STETSON,gid://shopify/MediaImage/42368914784560,,"Stetson Gambler, seagrass straw gambler hat, another angle",https://cdn.shopify.com/s/files/1/0885/7180/6000/files/Gambler_2.webp?v=1762743682
gambler,Stetson Gambler,STETSON,gid://shopify/MediaImage/42368910655792,,"Stetson Gambler, seagrass straw gambler hat in wheat",https://cdn.shopify.com/s/files/1/0885/7180/6000/files/Gambler_1.webp?v=1762743682
lodge,Stetson Lodge,STETSON,gid://shopify/MediaImage/43852244058416,,"Stetson Lodge, hat in natural",https://cdn.shopify.com/s/files/1/0885/7180/6000/files/Lodge_1_20c86c74-4481-4081-b986-9d8d065bd3f5.png?v=1781633985
proud-american-hat,Proud American Hat,MASON JAR LABEL,gid://shopify/MediaImage/38566362087728,,Mason Jar Label Proud American Hat,https://cdn.shopify.com/s/files/1/0885/7180/6000/files/ProudAmerican.svg?v=1723828335
support-your-local-farmer-cap,Support Your Local Farmer Cap,MASON JAR LABEL,gid://shopify/MediaImage/38566390563120,,Mason Jar Label Support Your Local Farmer Cap,https://cdn.shopify.com/s/files/1/0885/7180/6000/files/SupportYourLocalFarmer.svg?v=1723828713
stetson-fullerton,Stetson Fullerton,STETSON,gid://shopify/MediaImage/43273443442992,,"Stetson Fullerton, 3x wool cowboy hat in black",https://cdn.shopify.com/s/files/1/0885/7180/6000/files/Screenshot_2024-12-20_at_12.png?v=1775586079
resistol-ac,Resistol The AC,RESISTOL,gid://shopify/MediaImage/42358966518064,,"Resistol The AC, 6x fur felt cowboy hat in candy apple",https://cdn.shopify.com/s/files/1/0885/7180/6000/files/The_AC.png?v=1762570988
resistol-ac,Resistol The AC,RESISTOL,gid://shopify/MediaImage/42367730647344,,"Resistol The AC, 6x fur felt cowboy hat, another angle",https://cdn.shopify.com/s/files/1/0885/7180/6000/files/The_AC_1.webp?v=1762740976
resistol-ac,Resistol The AC,RESISTOL,gid://shopify/MediaImage/42367711281456,,"Resistol The AC, 6x fur felt cowboy hat in candy apple",https://cdn.shopify.com/s/files/1/0885/7180/6000/files/The_AC.webp?v=1762740976
resistol-ac,Resistol The AC,RESISTOL,gid://shopify/MediaImage/38985919988016,,"Resistol The AC, 6x fur felt cowboy hat in candy apple",https://cdn.shopify.com/s/files/1/0885/7180/6000/files/R1701967932_3.jpg?v=1762740976
stetson-gibby,Stetson Gibby,STETSON,gid://shopify/MediaImage/42358939844912,,"Stetson Gibby, 6x fur felt cowboy hat in sage",https://cdn.shopify.com/s/files/1/0885/7180/6000/files/Gibby.png?v=1762570224
stetson-gibby,Stetson Gibby,STETSON,gid://shopify/MediaImage/42359372316976,,"Stetson Gibby, 6x fur felt cowboy hat, another angle",https://cdn.shopify.com/s/files/1/0885/7180/6000/files/Gibby.webp?v=1762578908
resistol-20x-colt-cowboy-hat,Resistol Colt George Strait 20X,RESISTOL,gid://shopify/MediaImage/38769184801072,,"Resistol Colt George Strait 20X, cowboy hat in natural",https://cdn.shopify.com/s/files/1/0885/7180/6000/files/RSCOLT-304281.jpg?v=1726541836
resistol-20x-colt-cowboy-hat,Resistol Colt George Strait 20X,RESISTOL,gid://shopify/MediaImage/38769184768304,,"Resistol Colt George Strait 20X, cowboy hat, another angle",https://cdn.shopify.com/s/files/1/0885/7180/6000/files/RSCOLT-304281_ALT1.jpg?v=1726541836
stetson-corral-cowboy-hat,Stetson Corral 4X,STETSON,gid://shopify/MediaImage/42366961025328,,"Stetson Corral 4X, 4x buffalo felt cowboy hat",https://cdn.shopify.com/s/files/1/0885/7180/6000/files/Corrall.webp?v=1762739615
stetson-corral-cowboy-hat,Stetson Corral 4X,STETSON,gid://shopify/MediaImage/42366960992560,,"Stetson Corral 4X, 4x buffalo felt cowboy hat, another angle",https://cdn.shopify.com/s/files/1/0885/7180/6000/files/Corrall_1.webp?v=1762739615
stetson-corral-cowboy-hat,Stetson Corral 4X,STETSON,gid://shopify/MediaImage/42366961582384,,"Stetson Corral 4X, 4x buffalo felt cowboy hat in silver sand",https://cdn.shopify.com/s/files/1/0885/7180/6000/files/Corrall_9fb74f18-a607-4aee-99eb-cc8d351c480a.webp?v=1762739615
stetson-corral-cowboy-hat,Stetson Corral 4X,STETSON,gid://shopify/MediaImage/42366964302128,,"Stetson Corral 4X, 4x buffalo felt cowboy hat in black",https://cdn.shopify.com/s/files/1/0885/7180/6000/files/Corrall_2_fd7c10c7-ffd3-4c3c-a8a6-8eac5bfa783e.webp?v=1762739615
stetson-corral-cowboy-hat,Stetson Corral 4X,STETSON,gid://shopify/MediaImage/38769257939248,,"Stetson Corral 4X, 4x buffalo felt cowboy hat",https://cdn.shopify.com/s/files/1/0885/7180/6000/files/SBCRAL-754098_ALT1.jpg?v=1762739615
stetson-corral-cowboy-hat,Stetson Corral 4X,STETSON,gid://shopify/MediaImage/42366963417392,,"Stetson Corral 4X, 4x buffalo felt cowboy hat",https://cdn.shopify.com/s/files/1/0885/7180/6000/files/Corrall_2.webp?v=1762739615
stetson-corral-cowboy-hat,Stetson Corral 4X,STETSON,gid://shopify/MediaImage/42366965154096,,"Stetson Corral 4X, 4x buffalo felt cowboy hat",https://cdn.shopify.com/s/files/1/0885/7180/6000/files/Corrall_3.webp?v=1762739581
stetson-drifter,Stetson Drifter 4X,STETSON,gid://shopify/MediaImage/42359042277680,,"Stetson Drifter 4X, 4x buffalo felt fedora in black",https://cdn.shopify.com/s/files/1/0885/7180/6000/files/SBDFTR-163407.webp?v=1762572861
stetson-drifter,Stetson Drifter 4X,STETSON,gid://shopify/MediaImage/42359049191728,,"Stetson Drifter 4X, 4x buffalo felt fedora, another angle",https://cdn.shopify.com/s/files/1/0885/7180/6000/files/SBDFTR-163407_1.webp?v=1762573068
stetson-drifter,Stetson Drifter 4X,STETSON,gid://shopify/MediaImage/38769317249328,,"Stetson Drifter 4X, 4x buffalo felt fedora",https://cdn.shopify.com/s/files/1/0885/7180/6000/files/SBDFTR-163420_ALT1.jpg?v=1762573068
stetson-drifter,Stetson Drifter 4X,STETSON,gid://shopify/MediaImage/42359052075312,,"Stetson Drifter 4X, 4x buffalo felt fedora in stone",https://cdn.shopify.com/s/files/1/0885/7180/6000/files/SBDFTR-163407_2.webp?v=1762573231
stetson-seneca-cowboy-hat,Stetson Seneca,STETSON,gid://shopify/MediaImage/42361583960368,,"Stetson Seneca, hat in black",https://cdn.shopify.com/s/files/1/0885/7180/6000/files/Seneca_1.webp?v=1762736968
stetson-seneca-cowboy-hat,Stetson Seneca,STETSON,gid://shopify/MediaImage/42366880383280,,"Stetson Seneca, hat in silver sand, another angle",https://cdn.shopify.com/s/files/1/0885/7180/6000/files/Seneca_2_1.webp?v=1762737027
stetson-seneca-cowboy-hat,Stetson Seneca,STETSON,gid://shopify/MediaImage/38769393631536,,"Stetson Seneca, hat",https://cdn.shopify.com/s/files/1/0885/7180/6000/files/SBSNCA-413498_ALT1.jpg?v=1762737027
stetson-brenham-cowboy-hat,Stetson Brenham Cowboy Hat 4X,STETSON,gid://shopify/MediaImage/43135489573168,,Stetson Brenham Cowboy Hat 4X,https://cdn.shopify.com/s/files/1/0885/7180/6000/files/Brenham_1.png?v=1773887865
stetson-brenham-cowboy-hat,Stetson Brenham Cowboy Hat 4X,STETSON,gid://shopify/MediaImage/43135489605936,,"Stetson Brenham Cowboy Hat 4X, another angle",https://cdn.shopify.com/s/files/1/0885/7180/6000/files/Brenham_973d881c-94cd-4286-9bfa-7ebfc7f69d91.png?v=1773887866
stetson-brenham-cowboy-hat,Stetson Brenham Cowboy Hat 4X,STETSON,gid://shopify/MediaImage/43135489638704,,Stetson Brenham Cowboy Hat 4X,https://cdn.shopify.com/s/files/1/0885/7180/6000/files/Brenham_4.png?v=1773887866
stetson-brenham-cowboy-hat,Stetson Brenham Cowboy Hat 4X,STETSON,gid://shopify/MediaImage/43135489671472,,Stetson Brenham Cowboy Hat 4X,https://cdn.shopify.com/s/files/1/0885/7180/6000/files/Drifter_2_0d300e06-06df-48a1-ae1b-e5905211b640.png?v=1773887866
stetson-brenham-cowboy-hat,Stetson Brenham Cowboy Hat 4X,STETSON,gid://shopify/MediaImage/43135489704240,,Stetson Brenham Cowboy Hat 4X in granite grey,https://cdn.shopify.com/s/files/1/0885/7180/6000/files/Brenham_94ec6f85-83bc-4a9a-bf64-9b40008382a4.png?v=1773887865
stetson-brenham-cowboy-hat,Stetson Brenham Cowboy Hat 4X,STETSON,gid://shopify/MediaImage/43135489737008,,Stetson Brenham Cowboy Hat 4X in black,https://cdn.shopify.com/s/files/1/0885/7180/6000/files/Brenham_3_43f3a7cc-79a9-42ce-83e9-b8326f1e07ec.png?v=1773887866
stetson-oak-ridge,Stetson Oak Ridge,STETSON,gid://shopify/MediaImage/42361016942896,,"Stetson Oak Ridge, 3x wool cowboy hat in stone",https://cdn.shopify.com/s/files/1/0885/7180/6000/files/Oakridge.webp?v=1762612793
stetson-oak-ridge,Stetson Oak Ridge,STETSON,gid://shopify/MediaImage/42361026937136,,"Stetson Oak Ridge, 3x wool cowboy hat, another angle",https://cdn.shopify.com/s/files/1/0885/7180/6000/files/Oakridge_1.webp?v=1762613236
stetson-oak-ridge,Stetson Oak Ridge,STETSON,gid://shopify/MediaImage/43032386568496,,"Stetson Oak Ridge, 3x wool cowboy hat in black",https://cdn.shopify.com/s/files/1/0885/7180/6000/files/SWOAKR-724207.webp?v=1773028642
stetson-oak-ridge,Stetson Oak Ridge,STETSON,gid://shopify/MediaImage/43032386535728,,"Stetson Oak Ridge, 3x wool cowboy hat",https://cdn.shopify.com/s/files/1/0885/7180/6000/files/SWOAKR-724207_ALT05.webp?v=1773028643
stetson-oak-ridge,Stetson Oak Ridge,STETSON,gid://shopify/MediaImage/43032386502960,,"Stetson Oak Ridge, 3x wool cowboy hat",https://cdn.shopify.com/s/files/1/0885/7180/6000/files/SWOAKR-724207_ALT01.webp?v=1773028643
stetson-oak-ridge,Stetson Oak Ridge,STETSON,gid://shopify/MediaImage/43032386470192,,"Stetson Oak Ridge, 3x wool cowboy hat",https://cdn.shopify.com/s/files/1/0885/7180/6000/files/SWOAKR-724207_ALT04.webp?v=1773028642
stetson-oak-ridge,Stetson Oak Ridge,STETSON,gid://shopify/MediaImage/43032386437424,,"Stetson Oak Ridge, 3x wool cowboy hat",https://cdn.shopify.com/s/files/1/0885/7180/6000/files/SWOAKR-724207_ALT03.webp?v=1773028642
stetson-oak-ridge,Stetson Oak Ridge,STETSON,gid://shopify/MediaImage/43574035448112,,"Stetson Oak Ridge, 3x wool cowboy hat",https://cdn.shopify.com/s/files/1/0885/7180/6000/files/IMG_2026_05_15-12_12_07_4210_0F582367.jpg?v=1778865457
stetson-oak-ridge,Stetson Oak Ridge,STETSON,gid://shopify/MediaImage/43574035513648,,"Stetson Oak Ridge, 3x wool cowboy hat",https://cdn.shopify.com/s/files/1/0885/7180/6000/files/IMG_2026_05_15-12_12_07_6340_93B4A11D.jpg?v=1778865465
stetson-oak-ridge,Stetson Oak Ridge,STETSON,gid://shopify/MediaImage/43574035710256,,"Stetson Oak Ridge, 3x wool cowboy hat",https://cdn.shopify.com/s/files/1/0885/7180/6000/files/IMG_2026_05_15-12_12_07_8050_55FEFD21.jpg?v=1778865467
stetson-oak-ridge,Stetson Oak Ridge,STETSON,gid://shopify/MediaImage/43574036267312,,"Stetson Oak Ridge, 3x wool cowboy hat",https://cdn.shopify.com/s/files/1/0885/7180/6000/files/IMG_2026_05_15-12_12_08_0520_D0E5DC38.jpg?v=1778865472
stetson-oak-ridge,Stetson Oak Ridge,STETSON,gid://shopify/MediaImage/43574036693296,,"Stetson Oak Ridge, 3x wool cowboy hat",https://cdn.shopify.com/s/files/1/0885/7180/6000/files/IMG_2026_05_15-12_12_08_2630_E3DC4CFB.jpg?v=1778865477
stetson-oak-ridge,Stetson Oak Ridge,STETSON,gid://shopify/MediaImage/43574036726064,,"Stetson Oak Ridge, 3x wool cowboy hat",https://cdn.shopify.com/s/files/1/0885/7180/6000/files/IMG_2026_05_15-12_12_08_4250_5CF53977.jpg?v=1778865482
stetson-oak-ridge,Stetson Oak Ridge,STETSON,gid://shopify/MediaImage/43574036758832,,"Stetson Oak Ridge, 3x wool cowboy hat",https://cdn.shopify.com/s/files/1/0885/7180/6000/files/IMG_2026_05_15-12_12_08_6360_E4DDB999.jpg?v=1778865487
stetson-oak-ridge,Stetson Oak Ridge,STETSON,gid://shopify/MediaImage/43574036824368,,"Stetson Oak Ridge, 3x wool cowboy hat",https://cdn.shopify.com/s/files/1/0885/7180/6000/files/IMG_2026_05_15-12_12_08_8450_82889C54.jpg?v=1778865493
stetson-oak-ridge,Stetson Oak Ridge,STETSON,gid://shopify/MediaImage/43574036857136,,"Stetson Oak Ridge, 3x wool cowboy hat",https://cdn.shopify.com/s/files/1/0885/7180/6000/files/IMG_2026_05_15-12_12_09_0530_3534490A.jpg?v=1778865497
stetson-oak-ridge,Stetson Oak Ridge,STETSON,gid://shopify/MediaImage/43574036922672,,"Stetson Oak Ridge, 3x wool cowboy hat",https://cdn.shopify.com/s/files/1/0885/7180/6000/files/IMG_2026_05_15-12_12_09_2630_29781BBF.jpg?v=1778865508
stetson-oak-ridge,Stetson Oak Ridge,STETSON,gid://shopify/MediaImage/43574037381424,,"Stetson Oak Ridge, 3x wool cowboy hat",https://cdn.shopify.com/s/files/1/0885/7180/6000/files/IMG_2026_05_15-12_12_09_4710_36CED394.jpg?v=1778865514
stetson-oak-ridge,Stetson Oak Ridge,STETSON,gid://shopify/MediaImage/43574037446960,,"Stetson Oak Ridge, 3x wool cowboy hat",https://cdn.shopify.com/s/files/1/0885/7180/6000/files/IMG_2026_05_15-12_12_09_6780_F0681C51.jpg?v=1778865519
stetson-oak-ridge,Stetson Oak Ridge,STETSON,gid://shopify/MediaImage/43574037545264,,"Stetson Oak Ridge, 3x wool cowboy hat",https://cdn.shopify.com/s/files/1/0885/7180/6000/files/IMG_2026_05_15-12_12_09_8830_2FA7C14F.jpg?v=1778865526
stetson-oak-ridge,Stetson Oak Ridge,STETSON,gid://shopify/MediaImage/43574037643568,,"Stetson Oak Ridge, 3x wool cowboy hat",https://cdn.shopify.com/s/files/1/0885/7180/6000/files/IMG_2026_05_15-12_12_10_0920_73A334CE.jpg?v=1778865531
stetson-oak-ridge,Stetson Oak Ridge,STETSON,gid://shopify/MediaImage/43574037709104,,"Stetson Oak Ridge, 3x wool cowboy hat",https://cdn.shopify.com/s/files/1/0885/7180/6000/files/IMG_2026_05_15-12_12_10_3000_A7EF267B.jpg?v=1778865536
stetson-oak-ridge,Stetson Oak Ridge,STETSON,gid://shopify/MediaImage/43574037774640,,"Stetson Oak Ridge, 3x wool cowboy hat",https://cdn.shopify.com/s/files/1/0885/7180/6000/files/IMG_2026_05_15-12_12_10_5110_7752F569.jpg?v=1778865541
stetson-oak-ridge,Stetson Oak Ridge,STETSON,gid://shopify/MediaImage/43574037807408,,"Stetson Oak Ridge, 3x wool cowboy hat",https://cdn.shopify.com/s/files/1/0885/7180/6000/files/IMG_2026_05_15-12_12_10_7190_10928A21.jpg?v=1778865546
stetson-oak-ridge,Stetson Oak Ridge,STETSON,gid://shopify/MediaImage/43574038069552,,"Stetson Oak Ridge, 3x wool cowboy hat",https://cdn.shopify.com/s/files/1/0885/7180/6000/files/IMG_2026_05_15-12_12_10_9290_20B49FCA.jpg?v=1778865552
stetson-oak-ridge,Stetson Oak Ridge,STETSON,gid://shopify/MediaImage/43574038135088,,"Stetson Oak Ridge, 3x wool cowboy hat",https://cdn.shopify.com/s/files/1/0885/7180/6000/files/IMG_2026_05_15-12_12_11_1380_B3CD2384.jpg?v=1778865556
stetson-oak-ridge,Stetson Oak Ridge,STETSON,gid://shopify/MediaImage/43574038266160,,"Stetson Oak Ridge, 3x wool cowboy hat",https://cdn.shopify.com/s/files/1/0885/7180/6000/files/IMG_2026_05_15-12_12_11_3460_6C43C7BC.jpg?v=1778865561
stetson-oak-ridge,Stetson Oak Ridge,STETSON,gid://shopify/MediaImage/43574038298928,,"Stetson Oak Ridge, 3x wool cowboy hat",https://cdn.shopify.com/s/files/1/0885/7180/6000/files/IMG_2026_05_15-12_12_11_5520_A091CA66.jpg?v=1778865566
stetson-oak-ridge,Stetson Oak Ridge,STETSON,gid://shopify/MediaImage/43574038331696,,"Stetson Oak Ridge, 3x wool cowboy hat",https://cdn.shopify.com/s/files/1/0885/7180/6000/files/IMG_2026_05_15-12_12_11_7230_E502AB34.jpg?v=1778865571
stetson-oak-ridge,Stetson Oak Ridge,STETSON,gid://shopify/MediaImage/43574038397232,,"Stetson Oak Ridge, 3x wool cowboy hat",https://cdn.shopify.com/s/files/1/0885/7180/6000/files/IMG_2026_05_15-12_12_11_9310_B110B468.jpg?v=1778865577
stetson-rodeo-junior-youth-cowboy-hat,Stetson Rodeo Junior Youth Cowboy Hat,STETSON,gid://shopify/MediaImage/43135429935408,,Stetson Rodeo Junior Youth Cowboy Hat in black,https://cdn.shopify.com/s/files/1/0885/7180/6000/files/SWROJR-013407.png?v=1773887587
stetson-rodeo-junior-youth-cowboy-hat,Stetson Rodeo Junior Youth Cowboy Hat,STETSON,gid://shopify/MediaImage/43135429968176,,"Stetson Rodeo Junior Youth Cowboy Hat in buck, another angle",https://cdn.shopify.com/s/files/1/0885/7180/6000/files/Drifter_5_5456eeeb-5db1-4434-a32a-be6cb5d894a0.png?v=1773887586
grey-black-tiger-cotton-quilted-makeup-bag-cosmetic-bag,Grey & Black Tiger Cotton Quilted Makeup Bag/Cosmetic Bag,Ayras World,gid://shopify/MediaImage/39180994281776,,Ayra's World Grey & Black Tiger Cotton Quilted Makeup Bag/Cosmetic Bag,https://cdn.shopify.com/s/files/1/0885/7180/6000/files/7c43da3ed0ae0a73fe4152727df3d3fabdacfb82320d3922c664173756975bb5.jpg?v=1730837729
grey-black-tiger-cotton-quilted-makeup-bag-cosmetic-bag,Grey & Black Tiger Cotton Quilted Makeup Bag/Cosmetic Bag,Ayras World,gid://shopify/MediaImage/39180995035440,,"Ayra's World Grey & Black Tiger Cotton Quilted Makeup Bag/Cosmetic Bag, another angle",https://cdn.shopify.com/s/files/1/0885/7180/6000/files/7c43da3ed0ae0a73fe4152727df3d3fabdacfb82320d3922c664173756975bb5_0cfeeb7b-efec-4637-8ae1-9c26689603f8.jpg?v=1730837732
grey-black-tiger-cotton-quilted-makeup-bag-cosmetic-bag,Grey & Black Tiger Cotton Quilted Makeup Bag/Cosmetic Bag,Ayras World,gid://shopify/MediaImage/39180995494192,,Ayra's World Grey & Black Tiger Cotton Quilted Makeup Bag/Cosmetic Bag,https://cdn.shopify.com/s/files/1/0885/7180/6000/files/dc2fa452b096130f706c36acc1d5196ca51f029461baca061ff525c8f53ea5b0.jpg?v=1730837734
grey-black-tiger-cotton-quilted-makeup-bag-cosmetic-bag,Grey & Black Tiger Cotton Quilted Makeup Bag/Cosmetic Bag,Ayras World,gid://shopify/MediaImage/39180996051248,,Ayra's World Grey & Black Tiger Cotton Quilted Makeup Bag/Cosmetic Bag,https://cdn.shopify.com/s/files/1/0885/7180/6000/files/c68d3864fbd7744c2132c65f39c0eba6cc35caf538b397a58a3ffe81aac34911.jpg?v=1730837737
pink-tiger-cotton-quilted-makeup-bag-cosmetic-bag,Tiger Quilted Makeup Bag (Pink),Ayras World,gid://shopify/MediaImage/39180996313392,,Ayra's World Tiger Quilted Makeup Bag (Pink),https://cdn.shopify.com/s/files/1/0885/7180/6000/files/f501aa82952b99136b6a8841c87e6f37337f6670ff8d002062643d25606c2152.jpg?v=1730837738
pink-tiger-cotton-quilted-makeup-bag-cosmetic-bag,Tiger Quilted Makeup Bag (Pink),Ayras World,gid://shopify/MediaImage/39180997263664,,"Ayra's World Tiger Quilted Makeup Bag (Pink), another angle",https://cdn.shopify.com/s/files/1/0885/7180/6000/files/f501aa82952b99136b6a8841c87e6f37337f6670ff8d002062643d25606c2152_1355df1f-94ec-4341-aca6-92a75586e4a4.jpg?v=1730837740
yellow-tiger-cotton-quilted-makeup-bag-cosmetic-bag,Fierce & Fancy Quilted Makeup Bags,Ayras World,gid://shopify/MediaImage/39180997689648,,Ayra's World Fierce & Fancy Quilted Makeup Bags,https://cdn.shopify.com/s/files/1/0885/7180/6000/files/5980d26f1af549f2b80ca3937f47730ba7ba1ffd2795c27400d64ec10ac57caf.jpg?v=1730837742
yellow-tiger-cotton-quilted-makeup-bag-cosmetic-bag,Fierce & Fancy Quilted Makeup Bags,Ayras World,gid://shopify/MediaImage/39180998213936,,"Ayra's World Fierce & Fancy Quilted Makeup Bags, another angle",https://cdn.shopify.com/s/files/1/0885/7180/6000/files/5980d26f1af549f2b80ca3937f47730ba7ba1ffd2795c27400d64ec10ac57caf_046241c4-7626-4bb5-9624-baa51d9f409d.jpg?v=1730837744
yellow-tiger-cotton-quilted-makeup-bag-cosmetic-bag,Fierce & Fancy Quilted Makeup Bags,Ayras World,gid://shopify/MediaImage/39180998574384,,Ayra's World Fierce & Fancy Quilted Makeup Bags,https://cdn.shopify.com/s/files/1/0885/7180/6000/files/71cca4212336bac6bfc14a89e92624f5bf446aaae99a2948ac4118df43b4b471.jpg?v=1730837746
dust-pink-tiger-cotton-quilted-tote-bag,Tiger Quilted Tote Bag (Pink),Ayras World,gid://shopify/MediaImage/39180999754032,,Ayra's World Tiger Quilted Tote Bag (Pink),https://cdn.shopify.com/s/files/1/0885/7180/6000/files/eb847d9c65004c2390b50df21fb5899482670017d3d0efd540e1515c411d7995.jpg?v=1730837750
yellow-tiger-cotton-quilted-tote-bag,Tiger Quilted Tote Bag (Yellow),Ayras World,gid://shopify/MediaImage/39181000180016,,Ayra's World Tiger Quilted Tote Bag (Yellow),https://cdn.shopify.com/s/files/1/0885/7180/6000/files/c6066324d0c062197c3d8bcc17c812afa4d9f7be23d7ce7fd65b5ee45d9a7b08.jpg?v=1730837752
yellow-tiger-cotton-quilted-tote-bag,Tiger Quilted Tote Bag (Yellow),Ayras World,gid://shopify/MediaImage/39181000638768,,"Ayra's World Tiger Quilted Tote Bag (Yellow), another angle",https://cdn.shopify.com/s/files/1/0885/7180/6000/files/db6f30ba77744d79894ade57de64d9e85a48662bfc7ca830af9d9925813683b9.jpg?v=1730837754
grey-black-tiger-cotton-quilted-tote-bag,Tiger Quilted Tote Bag (Grey & Black),Ayras World,gid://shopify/MediaImage/39181001326896,,Ayra's World Tiger Quilted Tote Bag (Grey & Black),https://cdn.shopify.com/s/files/1/0885/7180/6000/files/722113af21a40ad3e366f8bd8bbfc8fd9b64f35ef7af3808f55fdeb0a51b266a.jpg?v=1730837756
vegan-leather-dopp-kit-toiletry-bag-for-men,Vegan Leather Dopp Kit,Avadir and Co,gid://shopify/MediaImage/39181002244400,,Avadir Vegan Leather Dopp Kit in chocolate,https://cdn.shopify.com/s/files/1/0885/7180/6000/files/bbb2e91fecc8eb8a99a2b3ce26c8dcc647ffd594898043f4e03296cbc7b88a74.jpg?v=1730837759
vegan-leather-dopp-kit-toiletry-bag-for-men,Vegan Leather Dopp Kit,Avadir and Co,gid://shopify/MediaImage/39181004210480,,"Avadir Vegan Leather Dopp Kit in black, another angle",https://cdn.shopify.com/s/files/1/0885/7180/6000/files/7fef842c13de44fe0d8ef6d3c91d9b9b0ecc77cbd5f3f4d551096d30898ea4d5.jpg?v=1730837768
vegan-leather-dopp-kit-toiletry-bag-for-men,Vegan Leather Dopp Kit,Avadir and Co,gid://shopify/MediaImage/39181004767536,,Avadir Vegan Leather Dopp Kit in chestnut,https://cdn.shopify.com/s/files/1/0885/7180/6000/files/10d269e791337076087732ce598e063c53425481b189731658f2cfc9d6070ab2.jpg?v=1730837770
campbell-tote-choose-your-strap,Campbell Tote Bag,Threaded Pear,gid://shopify/MediaImage/39181024756016,,Threaded Pear Campbell Tote Bag,https://cdn.shopify.com/s/files/1/0885/7180/6000/files/77b02e35affaab468b56b515fc807a8b50204358663a87737d16cfc69903d7b1.jpg?v=1730837844
2071-leopard-plush-robe,Velvet Leopard Plush Robe,BeWicked,gid://shopify/MediaImage/39181045760304,,BeWicked Velvet Leopard Plush Robe in leopard print,https://cdn.shopify.com/s/files/1/0885/7180/6000/files/f16606a29a666bc1efbe50e494c384762fbf0425386ebba96d20b92b987ecbf0.jpg?v=1730837922
the-hat-harness®-hat-holder-nylon-one-size,The Hat Harness® Hat Holder,The Hat Harness,gid://shopify/MediaImage/39181058572592,,The Hat Harness® Hat Holder,https://cdn.shopify.com/s/files/1/0885/7180/6000/files/13745e0e98a510dab1f2762a22b815c2f16cf78b65a0179f8fb53984da149b64.jpg?v=1730837967
the-hat-harness®-hat-holder-nylon-one-size,The Hat Harness® Hat Holder,The Hat Harness,gid://shopify/MediaImage/39181060145456,,"The Hat Harness® Hat Holder, another angle",https://cdn.shopify.com/s/files/1/0885/7180/6000/files/ee83c3b7ed6e3f4a8ed074282effb71a1439c84899c3ffc4eeb634a76c7cef12.jpg?v=1730837973
the-hat-harness®-hat-holder-nylon-one-size,The Hat Harness® Hat Holder,The Hat Harness,gid://shopify/MediaImage/39181060538672,,The Hat Harness® Hat Holder,https://cdn.shopify.com/s/files/1/0885/7180/6000/files/dc7f2170ddbb85c9e154a81309a00dc7792065eeff252fb1ef20a96a517c008d.jpg?v=1730837974
the-hat-harness®-hat-holder-nylon-one-size,The Hat Harness® Hat Holder,The Hat Harness,gid://shopify/MediaImage/39181061587248,,The Hat Harness® Hat Holder,https://cdn.shopify.com/s/files/1/0885/7180/6000/files/0bc2a0570c8b29e812cadffb1dbeb370250c002d9d558bff5b423c241cc08a87.jpg?v=1730837979
the-hat-harness®-hat-holder-nylon-one-size,The Hat Harness® Hat Holder,The Hat Harness,gid://shopify/MediaImage/39181062766896,,The Hat Harness® Hat Holder,https://cdn.shopify.com/s/files/1/0885/7180/6000/files/a2c1bf1c265c69f4ffbe1f5383f835002a2bbd1747f8ed4ff6d5d5ec3e86a78d.jpg?v=1730837983
brixton-cross-body-sling-bag-leopard-print-brown-large,Leopard Print Cross Body Bag - Large,Sixton London,gid://shopify/MediaImage/39181069386032,,Sixton London Leopard Print Cross Body Bag Large,https://cdn.shopify.com/s/files/1/0885/7180/6000/files/f80ba30127222a3349d5197aafcb48c4f4c718b87b8a9766e9033a3480a1cf7e.jpg?v=1730838009
brixton-cross-body-sling-bag-stripe-print-large,Stripe Print Cross Body Bag - Large,Sixton London,gid://shopify/MediaImage/39181072466224,,Sixton London Stripe Print Cross Body Bag Large,https://cdn.shopify.com/s/files/1/0885/7180/6000/files/d9cbd10bcce4ec4233ca291a21786fbc32bceb96438ddceade129fb7c96cdccf.jpg?v=1730838021
brixton-cross-body-sling-bag-stripe-print-large,Stripe Print Cross Body Bag - Large,Sixton London,gid://shopify/MediaImage/39181073973552,,"Sixton London Stripe Print Cross Body Bag Large, another angle",https://cdn.shopify.com/s/files/1/0885/7180/6000/files/801013cbe4dbf057fa9325b6b7882abfc24d5a013f16937b2427594e4dac65f8.jpg?v=1730838027
brixton-cross-body-sling-bag-stripe-print-large,Stripe Print Cross Body Bag - Large,Sixton London,gid://shopify/MediaImage/39181075579184,,Sixton London Stripe Print Cross Body Bag Large,https://cdn.shopify.com/s/files/1/0885/7180/6000/files/8d54e6cf351189f315a8dadef62aeeb9be0cf85d14331dae61421a2b62fb0a29.jpg?v=1730838033
brixton-cross-body-sling-bag-stripe-print-small,Stripe Print Cross Body Bag - Small,Sixton London,gid://shopify/MediaImage/39181085475120,,Sixton London Stripe Print Cross Body Bag Small,https://cdn.shopify.com/s/files/1/0885/7180/6000/files/706dbea1b3430ab059c2ac6c384ad64e2033f0cac3f3c11c2bc4ad6c19da591b.jpg?v=1730838069
brixton-cross-body-sling-bag-stripe-print-small,Stripe Print Cross Body Bag - Small,Sixton London,gid://shopify/MediaImage/39181086785840,,"Sixton London Stripe Print Cross Body Bag Small, another angle",https://cdn.shopify.com/s/files/1/0885/7180/6000/files/25123c11d8956c6ff030a27653405d0a3dd489166ee6a154ba0ce3a21a36ba56.jpg?v=1730838074
brixton-cross-body-sling-bag-camo-print-small,Camo Print Cross Body Bag - Small,Sixton London,gid://shopify/MediaImage/39181091406128,,Sixton London Camo Print Cross Body Bag Small,https://cdn.shopify.com/s/files/1/0885/7180/6000/files/b0a26b3e644ba5f67ef4f7d85f877aadf842cd0ae00d07d0d1bf92ff0525e207.jpg?v=1730838088
adult-muslin-cotton-blankets-by-comfy-cubs,Muslin Cotton Throw Blanket,Comfy Cubs,gid://shopify/MediaImage/39181135839536,,Comfy Cubs Muslin Cotton Throw Blanket in sage,https://cdn.shopify.com/s/files/1/0885/7180/6000/files/78bd3dba24169774bb40be391f5f2090d83d27a3f1121a3df13263532b14d3d6.png?v=1730838257
adult-muslin-cotton-blankets-by-comfy-cubs,Muslin Cotton Throw Blanket,Comfy Cubs,gid://shopify/MediaImage/39181132202288,,"Comfy Cubs Muslin Cotton Throw Blanket in white, another angle",https://cdn.shopify.com/s/files/1/0885/7180/6000/files/6f885d4112eaac873e5933696bbb43d2035fd372eec37334b3c8b6f2266f6c81.png?v=1730838248
adult-muslin-cotton-blankets-by-comfy-cubs,Muslin Cotton Throw Blanket,Comfy Cubs,gid://shopify/MediaImage/39181131579696,,Comfy Cubs Muslin Cotton Throw Blanket in slate grey,https://cdn.shopify.com/s/files/1/0885/7180/6000/files/8bcb58b09ab12e576c2ec4b257e53cca921c017942dbca6e15acdd84c5bb0c3e.png?v=1730838244
adult-muslin-cotton-blankets-by-comfy-cubs,Muslin Cotton Throw Blanket,Comfy Cubs,gid://shopify/MediaImage/39181134528816,,Comfy Cubs Muslin Cotton Throw Blanket in sand,https://cdn.shopify.com/s/files/1/0885/7180/6000/files/ddcd5273c05b1f061de6dd2c8550467d91210fc926aaf16ff85beb401e11a7d7.png?v=1730838253
adult-muslin-cotton-blankets-by-comfy-cubs,Muslin Cotton Throw Blanket,Comfy Cubs,gid://shopify/MediaImage/39181136757040,,Comfy Cubs Muslin Cotton Throw Blanket in wine,https://cdn.shopify.com/s/files/1/0885/7180/6000/files/1bef0a2aa6b7468551b7daf9783f4ac864031f1ff94a74b4a84099f580adf46a.png?v=1730838261
women-soft-pu-leather-tote-bag_cwab0561,Soft Leather Large Tote Bag,ACCITY,gid://shopify/MediaImage/39181393133872,,Accity Soft Leather Large Tote Bag in brown,https://cdn.shopify.com/s/files/1/0885/7180/6000/files/9baa06c264fe7507af2f4d83f625ea5a8a827d1deda9ad3feee8ada106c62c8f.jpg?v=1730839213
women-soft-pu-leather-tote-bag_cwab0561,Soft Leather Large Tote Bag,ACCITY,gid://shopify/MediaImage/39181393527088,,"Accity Soft Leather Large Tote Bag in darkcoffee, another angle",https://cdn.shopify.com/s/files/1/0885/7180/6000/files/34b948485d0a472fa253d4082c50f8786b7148dae41deb7874ae5e59c008a40e.jpg?v=1730839215
women-soft-pu-leather-tote-bag_cwab0561,Soft Leather Large Tote Bag,ACCITY,gid://shopify/MediaImage/39181393953072,,Accity Soft Leather Large Tote Bag in yellow,https://cdn.shopify.com/s/files/1/0885/7180/6000/files/5fa20002f623b0b812ef3ea30673fce5714b7df73c8e9c84974985bb171d4377.jpg?v=1730839216
women-soft-pu-leather-tote-bag_cwab0561,Soft Leather Large Tote Bag,ACCITY,gid://shopify/MediaImage/39181395132720,,Accity Soft Leather Large Tote Bag,https://cdn.shopify.com/s/files/1/0885/7180/6000/files/abce5518b8c1347498a7059edd06152f5629f5154f75c17d08d3b83592d3d87b.jpg?v=1730839220
women-soft-pu-leather-tote-bag_cwab0561,Soft Leather Large Tote Bag,ACCITY,gid://shopify/MediaImage/39181396017456,,Accity Soft Leather Large Tote Bag,https://cdn.shopify.com/s/files/1/0885/7180/6000/files/ae7e9f76375c62ecc4bbe6ff0ff702de7c77ea5b7eae9de5e0b09701b935b632.jpg?v=1730839222
women-soft-pu-leather-tote-bag_cwab0561,Soft Leather Large Tote Bag,ACCITY,gid://shopify/MediaImage/39181396377904,,Accity Soft Leather Large Tote Bag,https://cdn.shopify.com/s/files/1/0885/7180/6000/files/0bc6c898f255dfc26bb708374062dcc3c119bb86da7ab633fce457fcbe3518a8.jpg?v=1730839223
moon-ridge-gift-card,Moon Ridge Gift Card,Moon Ridge Hats and Heritage,gid://shopify/MediaImage/41345974010160,,Moon Ridge Gift Card,https://cdn.shopify.com/s/files/1/0885/7180/6000/files/GiftCard.png?v=1762809422
moon-ridge-gift-card,Moon Ridge Gift Card,Moon Ridge Hats and Heritage,gid://shopify/MediaImage/42373315887408,,"Moon Ridge Gift Card, another angle",https://cdn.shopify.com/s/files/1/0885/7180/6000/files/50.png?v=1762809908
moon-ridge-gift-card,Moon Ridge Gift Card,Moon Ridge Hats and Heritage,gid://shopify/MediaImage/42373324144944,,Moon Ridge Gift Card,https://cdn.shopify.com/s/files/1/0885/7180/6000/files/100.png?v=1762809908
moon-ridge-gift-card,Moon Ridge Gift Card,Moon Ridge Hats and Heritage,gid://shopify/MediaImage/42373327323440,,Moon Ridge Gift Card,https://cdn.shopify.com/s/files/1/0885/7180/6000/files/150.png?v=1762809908
moon-ridge-gift-card,Moon Ridge Gift Card,Moon Ridge Hats and Heritage,gid://shopify/MediaImage/42373331779888,,Moon Ridge Gift Card,https://cdn.shopify.com/s/files/1/0885/7180/6000/files/200.png?v=1762809908
moon-ridge-gift-card,Moon Ridge Gift Card,Moon Ridge Hats and Heritage,gid://shopify/MediaImage/42373359894832,,Moon Ridge Gift Card,https://cdn.shopify.com/s/files/1/0885/7180/6000/files/image_6e702d82-8ddb-4205-92b8-eceda3cecadc.png?v=1762809908
moon-ridge-gift-card,Moon Ridge Gift Card,Moon Ridge Hats and Heritage,gid://shopify/MediaImage/42373369233712,,Moon Ridge Gift Card,https://cdn.shopify.com/s/files/1/0885/7180/6000/files/300.png?v=1762809908
stetson-jw-marshall,Stetson JW Marshall,STETSON,gid://shopify/MediaImage/43858648957232,,"Stetson JW Marshall, shantung straw hat",https://cdn.shopify.com/s/files/1/0885/7180/6000/files/JW_Marshall_1_6e5c3062-b8de-4448-9958-ba25e2024d48.webp?v=1781675099
stetson-jw-marshall,Stetson JW Marshall,STETSON,gid://shopify/MediaImage/43858648990000,,"Stetson JW Marshall, shantung straw hat, another angle",https://cdn.shopify.com/s/files/1/0885/7180/6000/files/JW_Marshall_3_e7f55631-f049-436c-9404-b430c60cc52c.webp?v=1781675099
stetson-jw-marshall,Stetson JW Marshall,STETSON,gid://shopify/MediaImage/43858649022768,,"Stetson JW Marshall, shantung straw hat",https://cdn.shopify.com/s/files/1/0885/7180/6000/files/JW_Marshall_4_4f757a66-0e62-4256-a090-021192204c3c.webp?v=1781675099
stetson-jw-marshall,Stetson JW Marshall,STETSON,gid://shopify/MediaImage/43858649055536,,"Stetson JW Marshall, shantung straw hat",https://cdn.shopify.com/s/files/1/0885/7180/6000/files/JW_Marshall_4_2_84f2f1eb-1fca-4180-a348-3dd6b1918ed2.webp?v=1781675099
stetson-jw-marshall,Stetson JW Marshall,STETSON,gid://shopify/MediaImage/43858649088304,,"Stetson JW Marshall, shantung straw hat",https://cdn.shopify.com/s/files/1/0885/7180/6000/files/JW_Marshall_5_66cac9d1-6256-4509-9414-87009c2090eb.webp?v=1781675099
stetson-jw-marshall,Stetson JW Marshall,STETSON,gid://shopify/MediaImage/43858649121072,,"Stetson JW Marshall, shantung straw hat in bone",https://cdn.shopify.com/s/files/1/0885/7180/6000/files/JW_Marshall_1_1_a2172edf-ae84-4d66-b9d6-fe61c4652be0.webp?v=1781675099
stetson-jw-marshall,Stetson JW Marshall,STETSON,gid://shopify/MediaImage/43858649153840,,"Stetson JW Marshall, shantung straw hat in black",https://cdn.shopify.com/s/files/1/0885/7180/6000/files/JW_Marshall_4_1_d9c9c963-a715-484b-a9b8-9ddf67ef049d.webp?v=1781675099
stetson-jw-marshall,Stetson JW Marshall,STETSON,gid://shopify/MediaImage/43858649186608,,"Stetson JW Marshall, shantung straw hat in cordova",https://cdn.shopify.com/s/files/1/0885/7180/6000/files/JW_Marshall_5_46d8beb5-0dbd-4ca6-aab6-7dc0770c56a0.webp?v=1781675099
portage,Stetson Portage,STETSON,gid://shopify/MediaImage/43135464210736,,"Stetson Portage, 4x buffalo felt cowboy hat in black",https://cdn.shopify.com/s/files/1/0885/7180/6000/files/Screenshot_2025-01-22_at_10_d3fa57c8-d1f5-497e-9166-0cae39f7687c.png?v=1773887739
portage,Stetson Portage,STETSON,gid://shopify/MediaImage/43135464243504,,"Stetson Portage, 4x buffalo felt cowboy hat in stone, another angle",https://cdn.shopify.com/s/files/1/0885/7180/6000/files/Screenshot_2025-01-22_at_10.png?v=1773887739
steston-bighorn,Stetson Bighorn,STETSON,gid://shopify/MediaImage/43135555502384,,"Stetson Bighorn, bangora straw hat",https://cdn.shopify.com/s/files/1/0885/7180/6000/files/OSBIGH-403681.png?v=1773888151
steston-bighorn,Stetson Bighorn,STETSON,gid://shopify/MediaImage/43135555535152,,"Stetson Bighorn, bangora straw hat, another angle",https://cdn.shopify.com/s/files/1/0885/7180/6000/files/OSBIGH-403681_ALT2.png?v=1773888150
steston-bighorn,Stetson Bighorn,STETSON,gid://shopify/MediaImage/43135555567920,,"Stetson Bighorn, bangora straw hat",https://cdn.shopify.com/s/files/1/0885/7180/6000/files/OSBIGH-403681_ALT1.png?v=1773888150
stetson-double-bogey,Stetson Double Bogey,STETSON,gid://shopify/MediaImage/43135603736880,,"Stetson Double Bogey, gambler hat",https://cdn.shopify.com/s/files/1/0885/7180/6000/files/Stetson_Double_Bogey_b1337372-e145-4510-a4fa-e0fa97ce0666.png?v=1773888371
stetson-double-bogey,Stetson Double Bogey,STETSON,gid://shopify/MediaImage/43135603769648,,"Stetson Double Bogey, gambler hat, another angle",https://cdn.shopify.com/s/files/1/0885/7180/6000/files/Double_Bogey_2_40311ade-0960-42fb-a24d-27e86a65d2a2.png?v=1773888371
stetson-glen-rose,Stetson Glen Rose,STETSON,gid://shopify/MediaImage/43142894256432,,"Stetson Glen Rose, palm straw hat",https://cdn.shopify.com/s/files/1/0885/7180/6000/files/Screenshot2025-06-28at9.png?v=1773902069
steston-grand-loop,Stetson Grand Loop,STETSON,gid://shopify/MediaImage/42372822499632,,"Stetson Grand Loop, hat",https://cdn.shopify.com/s/files/1/0885/7180/6000/files/Grand_Loop.webp?v=1762795645
steston-grand-loop,Stetson Grand Loop,STETSON,gid://shopify/MediaImage/42372826071344,,"Stetson Grand Loop, hat, another angle",https://cdn.shopify.com/s/files/1/0885/7180/6000/files/Grand_Loop_2.webp?v=1762795768
steston-grand-loop,Stetson Grand Loop,STETSON,gid://shopify/MediaImage/42372822466864,,"Stetson Grand Loop, hat",https://cdn.shopify.com/s/files/1/0885/7180/6000/files/Grand_Loop_1.webp?v=1762795768
stetson-airway,Stetson Airway Panama Safari Hat,STETSON,gid://shopify/MediaImage/43135652102448,,Stetson Airway Panama Safari Hat,https://cdn.shopify.com/s/files/1/0885/7180/6000/files/Airway2_ab3cb8e2-bc94-47ed-b8e5-5a10dc4cc862.png?v=1773888594
stetson-airway,Stetson Airway Panama Safari Hat,STETSON,gid://shopify/MediaImage/43135652135216,,"Stetson Airway Panama Safari Hat, another angle",https://cdn.shopify.com/s/files/1/0885/7180/6000/files/Airway1_d32274bb-1763-4ed2-b2f7-1cc9d9316e93.png?v=1773888594
stetson-baytown,Stetson Baytown,STETSON,gid://shopify/MediaImage/43135501795632,,"Stetson Baytown, hat",https://cdn.shopify.com/s/files/1/0885/7180/6000/files/TSBYTN-2T3205.png?v=1773887919
stetson-baytown,Stetson Baytown,STETSON,gid://shopify/MediaImage/43135501828400,,"Stetson Baytown, hat, another angle",https://cdn.shopify.com/s/files/1/0885/7180/6000/files/TSBYTN-2T3205uv.png?v=1773887919
stetson-amberwood,Stetson Amberwood,STETSON,gid://shopify/MediaImage/42368897450288,,"Stetson Amberwood, bangora straw hat",https://cdn.shopify.com/s/files/1/0885/7180/6000/files/Amberwood.webp?v=1762742951
stetson-amberwood,Stetson Amberwood,STETSON,gid://shopify/MediaImage/42368898335024,,"Stetson Amberwood, bangora straw hat, another angle",https://cdn.shopify.com/s/files/1/0885/7180/6000/files/Amberwood_1.webp?v=1762743014
stetson-amberwood,Stetson Amberwood,STETSON,gid://shopify/MediaImage/42368899580208,,"Stetson Amberwood, bangora straw hat",https://cdn.shopify.com/s/files/1/0885/7180/6000/files/Amberwood_2.webp?v=1762743090
stetson-arapaho,Stetson Arapaho 10X,STETSON,gid://shopify/MediaImage/43135513788720,,"Stetson Arapaho 10X, cowboy hat",https://cdn.shopify.com/s/files/1/0885/7180/6000/files/Screenshot2025-02-22at2.png?v=1773887973
stetson-arapaho,Stetson Arapaho 10X,STETSON,gid://shopify/MediaImage/43135513821488,,"Stetson Arapaho 10X, cowboy hat, another angle",https://cdn.shopify.com/s/files/1/0885/7180/6000/files/Screenshot2025-02-22at2_dcf8c773-ce46-40b9-8718-fcb87b15a5ef.png?v=1773887973
stetson-billy-jr,Stetson Billy Junior,STETSON,gid://shopify/MediaImage/40232822014256,,"Stetson Billy Junior, hat",https://cdn.shopify.com/s/files/1/0885/7180/6000/files/Screenshot2025-02-22at2.34.06PM.png?v=1740256495
stetson-billy-jr,Stetson Billy Junior,STETSON,gid://shopify/MediaImage/40232822735152,,"Stetson Billy Junior, hat, another angle",https://cdn.shopify.com/s/files/1/0885/7180/6000/files/Screenshot2025-02-22at2.34.23PM.png?v=1740256525
stetson-billy-jr,Stetson Billy Junior,STETSON,gid://shopify/MediaImage/40232828764464,,"Stetson Billy Junior, hat",https://cdn.shopify.com/s/files/1/0885/7180/6000/files/Screenshot2025-02-22at2.36.03PM.png?v=1740256586
stetson-bullock,Stetson Bullock,STETSON,gid://shopify/MediaImage/43858502123824,,"Stetson Bullock, black straw cowboy hat",https://cdn.shopify.com/s/files/1/0885/7180/6000/files/Screenshot2025-02-22at2_f88e0d65-cbf7-4ae9-a67f-20d3516f1005.png?v=1781674340
stetson-elmhurst,Stetson Elmhurst,STETSON,gid://shopify/MediaImage/43135700205872,,"Stetson Elmhurst, cowboy hat",https://cdn.shopify.com/s/files/1/0885/7180/6000/files/SSELMH-734281.png?v=1773889234
stetson-elmhurst,Stetson Elmhurst,STETSON,gid://shopify/MediaImage/43135700238640,,"Stetson Elmhurst, cowboy hat, another angle",https://cdn.shopify.com/s/files/1/0885/7180/6000/files/SSELMH-734281_ALT1_461d11d4-eb02-4c0b-804e-209a5a2b1a51.png?v=1773889233
stetson-elmhurst,Stetson Elmhurst,STETSON,gid://shopify/MediaImage/43135700271408,,"Stetson Elmhurst, cowboy hat",https://cdn.shopify.com/s/files/1/0885/7180/6000/files/SSELMH-734281_ALT2_fd52a87e-23c3-4acc-a3dc-ea12133c4538.png?v=1773889233
stetson-primo,Stetson Primo,STETSON,gid://shopify/MediaImage/43135537479984,,"Stetson Primo, hat",https://cdn.shopify.com/s/files/1/0885/7180/6000/files/SSPRIMM483481.png?v=1773888077
stetson-primo,Stetson Primo,STETSON,gid://shopify/MediaImage/43135537512752,,"Stetson Primo, hat, another angle",https://cdn.shopify.com/s/files/1/0885/7180/6000/files/SSPRIMM484081_ALT1.png?v=1773888077
stetson-rowdy,Stetson Rowdy Junior,STETSON,gid://shopify/MediaImage/40233128984880,,"Stetson Rowdy Junior, hat",https://cdn.shopify.com/s/files/1/0885/7180/6000/files/SSRWDY-834081.jpg?v=1740261457
stetson-short-go-junior,Stetson Short Go Junior,STETSON,gid://shopify/MediaImage/43142818857264,,"Stetson Short Go Junior, hat",https://cdn.shopify.com/s/files/1/0885/7180/6000/files/SSSTGJ-703681.png?v=1773902032
stetson-white-horse,Stetson White Horse,STETSON,gid://shopify/MediaImage/43035645411632,,"Stetson White Horse, bangora straw cowboy hat",https://cdn.shopify.com/s/files/1/0885/7180/6000/files/SSWHTH-694081.webp?v=1773067492
stetson-white-horse,Stetson White Horse,STETSON,gid://shopify/MediaImage/42372962386224,,"Stetson White Horse, bangora straw cowboy hat, another angle",https://cdn.shopify.com/s/files/1/0885/7180/6000/files/White_Horse_1.webp?v=1773067492
stetson-atacama,Stetson Atacama,STETSON,gid://shopify/MediaImage/40231928561968,,"Stetson Atacama, hat",https://cdn.shopify.com/s/files/1/0885/7180/6000/files/TSATCM-104081.jpg?v=1740241560
stetson-the-naturalist,Stetson The Naturalist,STETSON,gid://shopify/MediaImage/43135642665264,,"Stetson The Naturalist, hat",https://cdn.shopify.com/s/files/1/0885/7180/6000/files/TSNTLS-153681.png?v=1773888554
stetson-the-naturalist,Stetson The Naturalist,STETSON,gid://shopify/MediaImage/43135642698032,,"Stetson The Naturalist, hat, another angle",https://cdn.shopify.com/s/files/1/0885/7180/6000/files/TSNTLS-1536BL_ALT3.png?v=1773888555
stetson-the-naturalist,Stetson The Naturalist,STETSON,gid://shopify/MediaImage/43135642730800,,"Stetson The Naturalist, hat",https://cdn.shopify.com/s/files/1/0885/7180/6000/files/TSNTLS-1536BL_ALT1.png?v=1773888554
stetson-chorus,Stetson Chorus,STETSON,gid://shopify/MediaImage/43135627624752,,"Stetson Chorus, hat",https://cdn.shopify.com/s/files/1/0885/7180/6000/files/XSCHRS-654081_ALT1.png?v=1773888489
stetson-chorus,Stetson Chorus,STETSON,gid://shopify/MediaImage/43135627657520,,"Stetson Chorus, hat, another angle",https://cdn.shopify.com/s/files/1/0885/7180/6000/files/XSCHRS-654081_ALT2.png?v=1773888488
stetson-chorus,Stetson Chorus,STETSON,gid://shopify/MediaImage/43135627690288,,"Stetson Chorus, hat",https://cdn.shopify.com/s/files/1/0885/7180/6000/files/XSCHRS-654081_ALT3.png?v=1773888492
stetson-oasis,Stetson Oasis,STETSON,gid://shopify/MediaImage/43043092037936,,"Stetson Oasis, shantung straw gambler hat",https://cdn.shopify.com/s/files/1/0885/7180/6000/files/XSOSIS-254081.webp?v=1773099906
stetson-oasis,Stetson Oasis,STETSON,gid://shopify/MediaImage/43043091906864,,"Stetson Oasis, shantung straw gambler hat, another angle",https://cdn.shopify.com/s/files/1/0885/7180/6000/files/XSOSIS-254081_ALT1.webp?v=1773099906
stetson-oasis,Stetson Oasis,STETSON,gid://shopify/MediaImage/43043091939632,,"Stetson Oasis, shantung straw gambler hat",https://cdn.shopify.com/s/files/1/0885/7180/6000/files/XSOSIS-254081_ALT2.webp?v=1773099906
stetson-oasis,Stetson Oasis,STETSON,gid://shopify/MediaImage/43043091972400,,"Stetson Oasis, shantung straw gambler hat",https://cdn.shopify.com/s/files/1/0885/7180/6000/files/XSOSIS-254081_ALT3.webp?v=1773099906
stetson-oasis,Stetson Oasis,STETSON,gid://shopify/MediaImage/43043092005168,,"Stetson Oasis, shantung straw gambler hat",https://cdn.shopify.com/s/files/1/0885/7180/6000/files/XSOSIS-254081_ALT4.webp?v=1773099906
stetson-redwood,Stetson Redwood,STETSON,gid://shopify/MediaImage/43135670092080,,"Stetson Redwood, cowboy hat",https://cdn.shopify.com/s/files/1/0885/7180/6000/files/XSRDWD-053081_ALT2.png?v=1773888670
stetson-redwood,Stetson Redwood,STETSON,gid://shopify/MediaImage/43135670124848,,"Stetson Redwood, cowboy hat, another angle",https://cdn.shopify.com/s/files/1/0885/7180/6000/files/XSRDWD-053081_ALT1.png?v=1773888671
stetson-redwood,Stetson Redwood,STETSON,gid://shopify/MediaImage/43135670157616,,"Stetson Redwood, cowboy hat",https://cdn.shopify.com/s/files/1/0885/7180/6000/files/XSRDWD-053081_ALT5.png?v=1773888671
stetson-lariat,Stetson Lariat 5x,STETSON,gid://shopify/MediaImage/43261804609840,,"Stetson Lariat 5x, 5x fur felt cowboy hat in silverbelly",https://cdn.shopify.com/s/files/1/0885/7180/6000/files/SFLRAT-724207.png?v=1775448177
stetson-lariat,Stetson Lariat 5x,STETSON,gid://shopify/MediaImage/43261804642608,,"Stetson Lariat 5x, 5x fur felt cowboy hat, another angle",https://cdn.shopify.com/s/files/1/0885/7180/6000/files/image_4af0343a-5559-4dc1-806a-a89bcc6c1d95.png?v=1775448177
stetson-lariat,Stetson Lariat 5x,STETSON,gid://shopify/MediaImage/43261804675376,,"Stetson Lariat 5x, 5x fur felt cowboy hat in silverbelly",https://cdn.shopify.com/s/files/1/0885/7180/6000/files/image_e35e48e0-9606-4df6-901f-4ded0dd9682d.png?v=1775448177
stetson-lariat,Stetson Lariat 5x,STETSON,gid://shopify/MediaImage/43261804708144,,"Stetson Lariat 5x, 5x fur felt cowboy hat in silverbelly",https://cdn.shopify.com/s/files/1/0885/7180/6000/files/image_934d1a4f-5747-488c-9c9b-fb81f1713691.png?v=1775448177
stetson-lariat,Stetson Lariat 5x,STETSON,gid://shopify/MediaImage/43261804740912,,"Stetson Lariat 5x, 5x fur felt cowboy hat in silverbelly",https://cdn.shopify.com/s/files/1/0885/7180/6000/files/image_83631171-7cbc-49a1-97b8-5c80f54522be.jpg?v=1775448177
turkish-blanket-handwoven-cotton-throw-blanket-farmhouse,Handwoven Turkish Throw Blanket,Kalkedon Towels,gid://shopify/MediaImage/40403523305776,,Kalkedon Handwoven Turkish Throw Blanket,https://cdn.shopify.com/s/files/1/0885/7180/6000/files/567ab54d6af87fb26a8a5e54d0761a849f09f4f374af91f8d45f0853820484bc.jpg?v=1741787942
turkish-blanket-handwoven-cotton-throw-blanket-farmhouse,Handwoven Turkish Throw Blanket,Kalkedon Towels,gid://shopify/MediaImage/40403523436848,,"Kalkedon Handwoven Turkish Throw Blanket, another angle",https://cdn.shopify.com/s/files/1/0885/7180/6000/files/add4ca5667d6b8c699eb2f1a00dee9bc07a56fe6567031c5fff79192f1bb3400.jpg?v=1741787943
turkish-blanket-handwoven-cotton-throw-blanket-farmhouse,Handwoven Turkish Throw Blanket,Kalkedon Towels,gid://shopify/MediaImage/40403523469616,,Kalkedon Handwoven Turkish Throw Blanket,https://cdn.shopify.com/s/files/1/0885/7180/6000/files/5daee94bb9225398f9ce2ef59ae8d5051c74c563ca7b3549e425bbff15fcc89c.jpg?v=1741787944
turkish-blanket-handwoven-cotton-throw-blanket-farmhouse,Handwoven Turkish Throw Blanket,Kalkedon Towels,gid://shopify/MediaImage/40403523502384,,Kalkedon Handwoven Turkish Throw Blanket,https://cdn.shopify.com/s/files/1/0885/7180/6000/files/d4c8f6db80d9a7026c1a815d37b4c44b6dcfd0d8b989623989c13667230f3953.jpg?v=1741787944
turkish-blanket-handwoven-cotton-throw-blanket-farmhouse,Handwoven Turkish Throw Blanket,Kalkedon Towels,gid://shopify/MediaImage/40403523535152,,Kalkedon Handwoven Turkish Throw Blanket,https://cdn.shopify.com/s/files/1/0885/7180/6000/files/39d8e43e584d6356edd4efabd37efc03d36a4b0587fcd6fc010df58f093e28a8.jpg?v=1741787943
turkish-blanket-handwoven-cotton-throw-blanket-farmhouse,Handwoven Turkish Throw Blanket,Kalkedon Towels,gid://shopify/MediaImage/40403523567920,,Kalkedon Handwoven Turkish Throw Blanket,https://cdn.shopify.com/s/files/1/0885/7180/6000/files/2f593aa2a08d6753a9ea3cb03eb21071d9c19fb0741d86ec5676bea8ae2fd087.jpg?v=1741787943
turkish-blanket-handwoven-cotton-throw-blanket-farmhouse,Handwoven Turkish Throw Blanket,Kalkedon Towels,gid://shopify/MediaImage/40403523600688,,Kalkedon Handwoven Turkish Throw Blanket,https://cdn.shopify.com/s/files/1/0885/7180/6000/files/886228309da583b430f6a0c8513a39a78feff20e8b8e10aef0d35983c8e072e4.jpg?v=1741787944
turkish-blanket-handwoven-cotton-throw-blanket-farmhouse,Handwoven Turkish Throw Blanket,Kalkedon Towels,gid://shopify/MediaImage/40403523633456,,Kalkedon Handwoven Turkish Throw Blanket,https://cdn.shopify.com/s/files/1/0885/7180/6000/files/9f4abc4cd03bc31e5b6e40a3f50571a0aa6571e44db351798835ce878b25e387.jpg?v=1741787944
turkish-blanket-handwoven-cotton-throw-blanket-farmhouse,Handwoven Turkish Throw Blanket,Kalkedon Towels,gid://shopify/MediaImage/40403523666224,,Kalkedon Handwoven Turkish Throw Blanket,https://cdn.shopify.com/s/files/1/0885/7180/6000/files/a0ce56a010075abe17e882837aafd0073c96f53c0032af6e9b832cac1277e22c.jpg?v=1741787944
chunky-teal-enamel-dipped-trucker-chain-hat-band-hat-bar,Western Grit Hat Chain,Vibes Hat Company,gid://shopify/MediaImage/40403524288816,,Vibes Western Grit Hat Chain,https://cdn.shopify.com/s/files/1/0885/7180/6000/files/fa6fb0f384c1de808d786df9f4dd24ddab684321191e557c3869500c6778bc7d.jpg?v=1741787948
chunky-teal-enamel-dipped-trucker-chain-hat-band-hat-bar,Western Grit Hat Chain,Vibes Hat Company,gid://shopify/MediaImage/40403524518192,,"Vibes Western Grit Hat Chain, another angle",https://cdn.shopify.com/s/files/1/0885/7180/6000/files/7e92b7940783702c155065bd5f9f7e5f97afe89a4e7a37cd5f87089a9ef95732.jpg?v=1741787950
jumbo-rhinestone-trucker-chain-hat-jewelry-sparkle,Frosted Ice Hat Chain,Vibes Hat Company,gid://shopify/MediaImage/40403524878640,,Vibes Frosted Ice Hat Chain,https://cdn.shopify.com/s/files/1/0885/7180/6000/files/32580888758e0ece08d1e4f6cae799a92d6120d9837d2bf422bddb0d844c4a03.jpg?v=1741787952
jumbo-rhinestone-trucker-chain-hat-jewelry-sparkle,Frosted Ice Hat Chain,Vibes Hat Company,gid://shopify/MediaImage/40403524944176,,"Vibes Frosted Ice Hat Chain, another angle",https://cdn.shopify.com/s/files/1/0885/7180/6000/files/fd195625fd4c6d3b1a52df1911262267f714d0ddcd2a4f20ad68aab79370b5e0.jpg?v=1741787952
jumbo-rhinestone-trucker-chain-hat-jewelry-sparkle,Frosted Ice Hat Chain,Vibes Hat Company,gid://shopify/MediaImage/40403524976944,,Vibes Frosted Ice Hat Chain,https://cdn.shopify.com/s/files/1/0885/7180/6000/files/9e2b01fefe78d55b1603a9a7d4d1ded5942f9b5716d793219a148149bcd5ee61.jpg?v=1741787952
turquoise-trucker-chain-hat-band-hat-chain-cap-jewelry,Turquoise Drift Hat Chain,Vibes Hat Company,gid://shopify/MediaImage/40403525632304,,Vibes Turquoise Drift Hat Chain,https://cdn.shopify.com/s/files/1/0885/7180/6000/files/241b7849a699d7b2020678867c392db5e8c1bfe601fafd25d7db09c95becae74.jpg?v=1742911839
turquoise-trucker-chain-hat-band-hat-chain-cap-jewelry,Turquoise Drift Hat Chain,Vibes Hat Company,gid://shopify/MediaImage/40403525599536,,"Vibes Turquoise Drift Hat Chain, another angle",https://cdn.shopify.com/s/files/1/0885/7180/6000/files/bcdd50a00947cc862a6523a83f0a0a27707f5d05710d047765c7a23a71b6679c.jpg?v=1742911839
turquoise-trucker-chain-hat-band-hat-chain-cap-jewelry,Turquoise Drift Hat Chain,Vibes Hat Company,gid://shopify/MediaImage/40403525206320,,Vibes Turquoise Drift Hat Chain,https://cdn.shopify.com/s/files/1/0885/7180/6000/files/80604a0affe086fdcb72c8e5572461c4b05d02bf203622a694cc6bfb35891c79.jpg?v=1742911839
stetson-chambers,Stetson Chambers Palm Leaf Hat,STETSON,gid://shopify/MediaImage/43261762863408,,"Stetson Chambers Palm Leaf Hat, palm straw",https://cdn.shopify.com/s/files/1/0885/7180/6000/files/OSCHMB-383081.png?v=1775446802
stetson-chambers,Stetson Chambers Palm Leaf Hat,STETSON,gid://shopify/MediaImage/43261762896176,,"Stetson Chambers Palm Leaf Hat, palm straw, another angle",https://cdn.shopify.com/s/files/1/0885/7180/6000/files/0e0e3a06-c14e-4824-92ef-d136bef5fc0c_63fecb6c7c56fe884bafc69b6c541555_jpeg.png?v=1775446802
stetson-chambers,Stetson Chambers Palm Leaf Hat,STETSON,gid://shopify/MediaImage/43261762928944,,"Stetson Chambers Palm Leaf Hat, palm straw",https://cdn.shopify.com/s/files/1/0885/7180/6000/files/942e050a-9e3a-481d-ba4d-8ec161d89ff6_c51281fd785e84bb87367bb873a31581_jpeg.png?v=1775446802
stetson-chambers,Stetson Chambers Palm Leaf Hat,STETSON,gid://shopify/MediaImage/43261762961712,,"Stetson Chambers Palm Leaf Hat, palm straw",https://cdn.shopify.com/s/files/1/0885/7180/6000/files/4a07b11b-f799-4fb7-9d2c-f88b02763102_11e4ac49470f6d71adef33f6b92e3b2e_jpeg.png?v=1775446802
stetson-cumberland,Stetson Cumberland,STETSON,gid://shopify/MediaImage/43261274161456,,"Stetson Cumberland, palm straw hat",https://cdn.shopify.com/s/files/1/0885/7180/6000/files/OSCMBL-1934TE_143e06bf-a9b8-4f30-ad9b-b8a62559ae9a.png?v=1775436097
stetson-cumberland,Stetson Cumberland,STETSON,gid://shopify/MediaImage/43261274194224,,"Stetson Cumberland, palm straw hat, another angle",https://cdn.shopify.com/s/files/1/0885/7180/6000/files/image_a5c06709-d36c-4ec6-99a4-6b8a29cb58b4.png?v=1775436096
stetson-cumberland,Stetson Cumberland,STETSON,gid://shopify/MediaImage/43261274226992,,"Stetson Cumberland, palm straw hat",https://cdn.shopify.com/s/files/1/0885/7180/6000/files/image_ff9d195f-a464-43c7-9ea5-31b0911c4ab7.png?v=1775436096
stetson-cumberland,Stetson Cumberland,STETSON,gid://shopify/MediaImage/43261274259760,,"Stetson Cumberland, palm straw hat",https://cdn.shopify.com/s/files/1/0885/7180/6000/files/image_d60792f6-ded5-4021-97fa-a0fa212f7ce6.png?v=1775436096
stetson-cumberland,Stetson Cumberland,STETSON,gid://shopify/MediaImage/43261274292528,,"Stetson Cumberland, palm straw hat",https://cdn.shopify.com/s/files/1/0885/7180/6000/files/image_2a5a66fb-d377-4eaa-858b-8de42e74da01.png?v=1775436096
stetson-cumberland,Stetson Cumberland,STETSON,gid://shopify/MediaImage/43261274325296,,"Stetson Cumberland, palm straw hat",https://cdn.shopify.com/s/files/1/0885/7180/6000/files/image_1f378334-bb8b-4d78-b00f-1659f1569cd0.png?v=1775436096
stetson-cumberland,Stetson Cumberland,STETSON,gid://shopify/MediaImage/43261274358064,,"Stetson Cumberland, palm straw hat",https://cdn.shopify.com/s/files/1/0885/7180/6000/files/image_f1452e9b-2f3a-4e57-a803-2217b4f5e41e.png?v=1775436096
stetson-stratoliner-b,Stetson Stratoliner B,STETSON,gid://shopify/MediaImage/43858479612208,,"Stetson Stratoliner B, hat",https://cdn.shopify.com/s/files/1/0885/7180/6000/files/TFSTROB102461.png?v=1781674221
untitled-mar21_11-06,The Silverado Turquoise Hat Band,AUSTIN ACCENT,gid://shopify/MediaImage/40481565311280,,Austin Accent The Silverado Turquoise Hat Band in black,https://cdn.shopify.com/s/files/1/0885/7180/6000/files/432F9CD8-3501-4552-A13A-842422C3F186.jpg?v=1742576218
untitled-mar21_11-06,The Silverado Turquoise Hat Band,AUSTIN ACCENT,gid://shopify/MediaImage/40481565344048,,"Austin Accent The Silverado Turquoise Hat Band in brown, another angle",https://cdn.shopify.com/s/files/1/0885/7180/6000/files/27795E7C-F330-4B88-A106-F54D1D45970B.jpg?v=1742576218
the-mesa-ridge-hat-band,The Mesa Ridge Hat Band,AUSTIN ACCENT,gid://shopify/MediaImage/40482017116464,,Austin Accent The Mesa Ridge Hat Band,https://cdn.shopify.com/s/files/1/0885/7180/6000/files/6709B00D-536D-4CA2-8A6D-D91BBB74D76D.jpg?v=1742584243
the-mesa-ridge-hat-band,The Mesa Ridge Hat Band,AUSTIN ACCENT,gid://shopify/MediaImage/40482017149232,,"Austin Accent The Mesa Ridge Hat Band, another angle",https://cdn.shopify.com/s/files/1/0885/7180/6000/files/56D32FD5-59DC-437C-9446-64A5D93AE2B0.jpg?v=1742584243
the-mesa-ridge-hat-band,The Mesa Ridge Hat Band,AUSTIN ACCENT,gid://shopify/MediaImage/40482017182000,,Austin Accent The Mesa Ridge Hat Band,https://cdn.shopify.com/s/files/1/0885/7180/6000/files/F7403208-296C-4008-BA87-BD0CFEE126AB.jpg?v=1742584243
the-mesa-ridge-hat-band,The Mesa Ridge Hat Band,AUSTIN ACCENT,gid://shopify/MediaImage/40482017214768,,Austin Accent The Mesa Ridge Hat Band,https://cdn.shopify.com/s/files/1/0885/7180/6000/files/33CC1BD6-EBD3-4A06-B524-5AC5D24FB432.jpg?v=1742584243
the-canyon-carver-hat-band,The Canyon Carver Hat Band,AUSTIN ACCENT,gid://shopify/MediaImage/40482087207216,,Austin Accent The Canyon Carver Hat Band,https://cdn.shopify.com/s/files/1/0885/7180/6000/files/F7BBF7F1-3F3E-490E-A18F-1EA791F4111E.jpg?v=1742585298
the-canyon-carver-hat-band,The Canyon Carver Hat Band,AUSTIN ACCENT,gid://shopify/MediaImage/40482087174448,,"Austin Accent The Canyon Carver Hat Band in light brown, another angle",https://cdn.shopify.com/s/files/1/0885/7180/6000/files/76993BEB-3113-4AF1-BB71-64D365EA3267.jpg?v=1742585298
the-canyon-carver-hat-band,The Canyon Carver Hat Band,AUSTIN ACCENT,gid://shopify/MediaImage/40482087141680,,Austin Accent The Canyon Carver Hat Band,https://cdn.shopify.com/s/files/1/0885/7180/6000/files/AB8BACAE-AC70-4460-BEB4-7118E981575C.jpg?v=1742585298
the-canyon-carver-hat-band,The Canyon Carver Hat Band,AUSTIN ACCENT,gid://shopify/MediaImage/40482087076144,,Austin Accent The Canyon Carver Hat Band in black,https://cdn.shopify.com/s/files/1/0885/7180/6000/files/FF6F4FDC-3600-4B3C-95E6-726BA7EF75F4.jpg?v=1742585298
the-canyon-carver-hat-band,The Canyon Carver Hat Band,AUSTIN ACCENT,gid://shopify/MediaImage/40482087239984,,Austin Accent The Canyon Carver Hat Band in dark brown,https://cdn.shopify.com/s/files/1/0885/7180/6000/files/68786E0F-C7D2-483E-98D8-09B6DA14039C.jpg?v=1742585298
the-canyon-carver-hat-band,The Canyon Carver Hat Band,AUSTIN ACCENT,gid://shopify/MediaImage/40482087010608,,Austin Accent The Canyon Carver Hat Band in turquoise,https://cdn.shopify.com/s/files/1/0885/7180/6000/files/79F7BFE0-6E67-4379-A3A5-E0404BD9F08E.jpg?v=1742585298
the-canyon-carver-hat-band,The Canyon Carver Hat Band,AUSTIN ACCENT,gid://shopify/MediaImage/40482087272752,,Austin Accent The Canyon Carver Hat Band,https://cdn.shopify.com/s/files/1/0885/7180/6000/files/91B2D410-D52C-4269-A27E-82DE8E8E3B46.jpg?v=1742585298
the-canyon-carver-hat-band,The Canyon Carver Hat Band,AUSTIN ACCENT,gid://shopify/MediaImage/40482087108912,,Austin Accent The Canyon Carver Hat Band,https://cdn.shopify.com/s/files/1/0885/7180/6000/files/E41CCCAF-D484-412D-AAFD-F96F82BE93DA.jpg?v=1742585298
the-canyon-carver-hat-band-copy,The Heritage Hat Band,AUSTIN ACCENT,gid://shopify/MediaImage/40482104934704,,Austin Accent The Heritage Hat Band in brown,https://cdn.shopify.com/s/files/1/0885/7180/6000/files/39CA59A8-9AA3-4626-B648-E391FF8AC52E.jpg?v=1742584886
the-canyon-carver-hat-band-copy,The Heritage Hat Band,AUSTIN ACCENT,gid://shopify/MediaImage/40482104967472,,"Austin Accent The Heritage Hat Band in black, another angle",https://cdn.shopify.com/s/files/1/0885/7180/6000/files/1269B69C-A6FE-4032-AED5-549B2320F893.jpg?v=1742584886
trailblazer-studded-hat-bands,Trailblazer Studded Hat Bands,AUSTIN ACCENT,gid://shopify/MediaImage/40482372518192,,Austin Accent Trailblazer Studded Hat Bands,https://cdn.shopify.com/s/files/1/0885/7180/6000/files/1CE5B1D4-7FC7-4C3E-9D39-B8CB0D25B367.jpg?v=1742588882
trailblazer-studded-hat-bands,Trailblazer Studded Hat Bands,AUSTIN ACCENT,gid://shopify/MediaImage/40482372550960,,"Austin Accent Trailblazer Studded Hat Bands, another angle",https://cdn.shopify.com/s/files/1/0885/7180/6000/files/41C63A70-3C41-4CD4-9426-7F200BFFA814.jpg?v=1742588882
trailblazer-studded-hat-bands,Trailblazer Studded Hat Bands,AUSTIN ACCENT,gid://shopify/MediaImage/40482372583728,,Austin Accent Trailblazer Studded Hat Bands,https://cdn.shopify.com/s/files/1/0885/7180/6000/files/77A6F045-99B2-4F08-8542-BC67114F4041.jpg?v=1742588881
trailblazer-studded-hat-bands,Trailblazer Studded Hat Bands,AUSTIN ACCENT,gid://shopify/MediaImage/40482372616496,,Austin Accent Trailblazer Studded Hat Bands,https://cdn.shopify.com/s/files/1/0885/7180/6000/files/4169E68E-B122-4D24-9A24-D558EDB5EB53.jpg?v=1742588881
the-mesa-sunset-woven-hat-band,Mesa Sunset Woven Hat Band,AUSTIN ACCENT,gid://shopify/MediaImage/40482390737200,,Austin Accent Mesa Sunset Woven Hat Band,https://cdn.shopify.com/s/files/1/0885/7180/6000/files/A34D75B9-C240-4121-8C85-94CB27B2A385.jpg?v=1742588954
the-mesa-sunset-woven-hat-band,Mesa Sunset Woven Hat Band,AUSTIN ACCENT,gid://shopify/MediaImage/40482390769968,,"Austin Accent Mesa Sunset Woven Hat Band, another angle",https://cdn.shopify.com/s/files/1/0885/7180/6000/files/0A015F42-305D-47EE-A3E5-E511EAA3B48C.jpg?v=1742588954
midnight-canyon-woven-hat-band,Midnight Canyon Woven Hat Band,AUSTIN ACCENT,gid://shopify/MediaImage/40482432123184,,Austin Accent Midnight Canyon Woven Hat Band,https://cdn.shopify.com/s/files/1/0885/7180/6000/files/8377A206-2014-48CD-9EED-DE6E38D15E8E.jpg?v=1742589085
midnight-canyon-woven-hat-band,Midnight Canyon Woven Hat Band,AUSTIN ACCENT,gid://shopify/MediaImage/40482432155952,,"Austin Accent Midnight Canyon Woven Hat Band, another angle",https://cdn.shopify.com/s/files/1/0885/7180/6000/files/A553F31D-530C-48D1-AA80-5A485CA26606.jpg?v=1742589085
the-timberline-woven-hat-band,The Timberline Woven Hat Band,AUSTIN ACCENT,gid://shopify/MediaImage/40482545762608,,Austin Accent The Timberline Woven Hat Band,https://cdn.shopify.com/s/files/1/0885/7180/6000/files/E1FD1179-9A4B-42DB-8315-FEF42F6081C7.jpg?v=1742590371
the-timberline-woven-hat-band,The Timberline Woven Hat Band,AUSTIN ACCENT,gid://shopify/MediaImage/40482545795376,,"Austin Accent The Timberline Woven Hat Band, another angle",https://cdn.shopify.com/s/files/1/0885/7180/6000/files/310E7039-893E-4009-B0C2-76182F5AD68D.jpg?v=1742590371
the-frontier-woven-hat-band,The Canyon Ridge Woven Hat Band,AUSTIN ACCENT,gid://shopify/MediaImage/40482580988208,,Austin Accent The Canyon Ridge Woven Hat Band,https://cdn.shopify.com/s/files/1/0885/7180/6000/files/16113A15-3A11-4B95-AE6C-E18380E78EC2.jpg?v=1742590569
the-frontier-woven-hat-band,The Canyon Ridge Woven Hat Band,AUSTIN ACCENT,gid://shopify/MediaImage/40482581086512,,"Austin Accent The Canyon Ridge Woven Hat Band, another angle",https://cdn.shopify.com/s/files/1/0885/7180/6000/files/5119BBC3-8615-467A-B52E-FAF83B529E34.jpg?v=1742590569
the-classic-hat-band,The Classic Hat Band,AUSTIN ACCENT,gid://shopify/MediaImage/40482767995184,,Austin Accent The Classic Hat Band,https://cdn.shopify.com/s/files/1/0885/7180/6000/files/EA65A983-A07A-4280-821F-C16507C566B9.jpg?v=1742591429
the-classic-hat-band,The Classic Hat Band,AUSTIN ACCENT,gid://shopify/MediaImage/40482768027952,,"Austin Accent The Classic Hat Band, another angle",https://cdn.shopify.com/s/files/1/0885/7180/6000/files/9B5C753E-932F-4A9D-9FFA-63753176CBD9.jpg?v=1742591429
the-ranchhand-leather-hat-band,The Ranchhand Leather Hat Band,AUSTIN ACCENT,gid://shopify/MediaImage/40482803712304,,Austin Accent The Ranchhand Leather Hat Band,https://cdn.shopify.com/s/files/1/0885/7180/6000/files/63A87827-2414-44D4-96B9-04F302D7E2A9.jpg?v=1742591676
turkish-beach-towel,Turkish Beach Towel,Moon Ridge Hats and Heritage,gid://shopify/MediaImage/40598715826480,,Moon Ridge Turkish Beach Towel,https://cdn.shopify.com/s/files/1/0885/7180/6000/files/E7C1A44B-7D5B-4861-BD0B-CB31BAC14509.jpg?v=1743795165
resistol-tucker,Resistol Tucker 3X,RESISTOL,gid://shopify/MediaImage/43272889401648,,"Resistol Tucker 3X, cowboy hat",https://cdn.shopify.com/s/files/1/0885/7180/6000/files/19128F63-F7B9-4C0E-9E34-F539D20CC96B_9c9f058e-c434-490a-ae23-51d7e7dcc66b.png?v=1775575963
resistol-tucker,Resistol Tucker 3X,RESISTOL,gid://shopify/MediaImage/43272889434416,,"Resistol Tucker 3X, cowboy hat, another angle",https://cdn.shopify.com/s/files/1/0885/7180/6000/files/Product_Shot_Sizing_7b369164-dd3a-4b3d-b0d8-6cd9ec50119d.png?v=1775575962
resistol-tucker,Resistol Tucker 3X,RESISTOL,gid://shopify/MediaImage/43272889467184,,"Resistol Tucker 3X, cowboy hat",https://cdn.shopify.com/s/files/1/0885/7180/6000/files/Product_Shot_Sizing_395e6e48-133e-4a12-b570-00766fa05bfb.png?v=1775575962
resistol-tucker,Resistol Tucker 3X,RESISTOL,gid://shopify/MediaImage/43272889499952,,"Resistol Tucker 3X, cowboy hat",https://cdn.shopify.com/s/files/1/0885/7180/6000/files/Product_Shot_Sizing_715fcba0-738d-496e-bb3d-e1a1ce85c235.png?v=1775575962
resistol-tucker,Resistol Tucker 3X,RESISTOL,gid://shopify/MediaImage/43272889532720,,"Resistol Tucker 3X, cowboy hat in black",https://cdn.shopify.com/s/files/1/0885/7180/6000/files/Product_Shot_Sizing_ddbf2900-1cb5-4e1b-ad52-ee4e5d306f82.png?v=1775575962
resistol-tucker,Resistol Tucker 3X,RESISTOL,gid://shopify/MediaImage/43272889565488,,"Resistol Tucker 3X, cowboy hat in bone",https://cdn.shopify.com/s/files/1/0885/7180/6000/files/Product_Shot_Sizing_4de12c2c-be28-42c2-af90-d896b7af71a2.png?v=1775575962
resistol-boquillas-hooey,Resistol Hooey Boquillas,RESISTOL,gid://shopify/MediaImage/42400748175664,,"Resistol Hooey Boquillas, 4x wool cowboy hat in candy apple",https://cdn.shopify.com/s/files/1/0885/7180/6000/files/Hooey_1.webp?v=1763215796
resistol-boquillas-hooey,Resistol Hooey Boquillas,RESISTOL,gid://shopify/MediaImage/42400748077360,,"Resistol Hooey Boquillas, 4x wool cowboy hat, another angle",https://cdn.shopify.com/s/files/1/0885/7180/6000/files/Hooey_3.webp?v=1763216247
resistol-boquillas-hooey,Resistol Hooey Boquillas,RESISTOL,gid://shopify/MediaImage/42400748044592,,"Resistol Hooey Boquillas, 4x wool cowboy hat in candy apple",https://cdn.shopify.com/s/files/1/0885/7180/6000/files/Hooey_2.webp?v=1763216247
resistol-boquillas-hooey,Resistol Hooey Boquillas,RESISTOL,gid://shopify/MediaImage/42400748110128,,"Resistol Hooey Boquillas, 4x wool cowboy hat in candy apple",https://cdn.shopify.com/s/files/1/0885/7180/6000/files/Hooey_4.webp?v=1763215796
resistol-boquillas-hooey,Resistol Hooey Boquillas,RESISTOL,gid://shopify/MediaImage/42400748142896,,"Resistol Hooey Boquillas, 4x wool cowboy hat in candy apple",https://cdn.shopify.com/s/files/1/0885/7180/6000/files/Hooey_5.webp?v=1763215797
resistol-boquillas-hooey,Resistol Hooey Boquillas,RESISTOL,gid://shopify/MediaImage/42400748208432,,"Resistol Hooey Boquillas, 4x wool cowboy hat in candy apple",https://cdn.shopify.com/s/files/1/0885/7180/6000/files/Hooey_6.webp?v=1763215797
cutter-buck-forge-stretch-mens-polo-black-l-mck00107-191815165074,Cutter & Buck Forge Stretch Mens Polo,CUTTER & BUCK,gid://shopify/MediaImage/40685891191088,,Cutter & Buck Forge Stretch Mens Polo,https://cdn.shopify.com/s/files/1/0885/7180/6000/files/Screenshot2025-04-17at11.59.47AM.png?v=1744916416
cutter-buck-prospect-stretch-short-sleeve-womens-polo,Cutter & Buck Prospect Stretch Short Sleeve Womens Polo,CUTTER & BUCK,gid://shopify/MediaImage/40686063452464,,Cutter & Buck Prospect Stretch Short Sleeve Womens Polo,https://cdn.shopify.com/s/files/1/0885/7180/6000/files/Screenshot2025-04-17at12.18.26PM.png?v=1744917557
wild-rags,Wild Rags,Moon Ridge Hats and Heritage,gid://shopify/MediaImage/40752055419184,,Moon Ridge Wild Rags,https://cdn.shopify.com/s/files/1/0885/7180/6000/files/99E47E00-3476-49E2-9067-7B83311AEFC7.jpg?v=1745838753
wild-rags-1,Wild Rags,Moon Ridge Hats and Heritage,gid://shopify/MediaImage/40752071541040,,Moon Ridge Wild Rags,https://cdn.shopify.com/s/files/1/0885/7180/6000/files/3B2BB493-376A-432F-9081-C78F67050EFA.jpg?v=1745838882
resistol-cojo-vaquero,Resistol Cojo Vaquero,RESISTOL,gid://shopify/MediaImage/42368046563632,,"Resistol Cojo Vaquero, bangora straw hat",https://cdn.shopify.com/s/files/1/0885/7180/6000/files/Cojo_Vaquero.webp?v=1762741230
resistol-cojo-vaquero,Resistol Cojo Vaquero,RESISTOL,gid://shopify/MediaImage/42368191267120,,"Resistol Cojo Vaquero, bangora straw hat, another angle",https://cdn.shopify.com/s/files/1/0885/7180/6000/files/Cojo_Vaquero_1.webp?v=1762741411
resistol-cojo-vaquero,Resistol Cojo Vaquero,RESISTOL,gid://shopify/MediaImage/43641238159664,,"Resistol Cojo Vaquero, bangora straw hat",https://cdn.shopify.com/s/files/1/0885/7180/6000/files/RSCOVQ-CJ4281_ALT02_jpg.webp?v=1779730963
resistol-cojo-vaquero,Resistol Cojo Vaquero,RESISTOL,gid://shopify/MediaImage/43641238126896,,"Resistol Cojo Vaquero, bangora straw hat",https://cdn.shopify.com/s/files/1/0885/7180/6000/files/RSCOVQ-CJ4281_ALT03_jpg.webp?v=1779730963
resistol-cojo-vaquero,Resistol Cojo Vaquero,RESISTOL,gid://shopify/MediaImage/43641238192432,,"Resistol Cojo Vaquero, bangora straw hat",https://cdn.shopify.com/s/files/1/0885/7180/6000/files/RSCOVQ-CJ4281_ALT04_jpg.webp?v=1779730963
resistol-cojo-vaquero,Resistol Cojo Vaquero,RESISTOL,gid://shopify/MediaImage/43641238225200,,"Resistol Cojo Vaquero, bangora straw hat",https://cdn.shopify.com/s/files/1/0885/7180/6000/files/RSCOVQ-CJ4281_ALT05_jpg.webp?v=1779730963
resistol-super-duty,Resistol Super Duty - Tuff Hedeman Cowboy Hat,RESISTOL,gid://shopify/MediaImage/43043763519792,,"Resistol Super Duty Tuff Hedeman Cowboy Hat, bangora straw in natural",https://cdn.shopify.com/s/files/1/0885/7180/6000/files/RSSUDT-834281_jpg.webp?v=1773104718
resistol-super-duty,Resistol Super Duty - Tuff Hedeman Cowboy Hat,RESISTOL,gid://shopify/MediaImage/43043763388720,,"Resistol Super Duty Tuff Hedeman Cowboy Hat, bangora straw, another angle",https://cdn.shopify.com/s/files/1/0885/7180/6000/files/RSSUDT-834281_ALT1_jpg.webp?v=1773104718
resistol-super-duty,Resistol Super Duty - Tuff Hedeman Cowboy Hat,RESISTOL,gid://shopify/MediaImage/43043763421488,,"Resistol Super Duty Tuff Hedeman Cowboy Hat, bangora straw in natural",https://cdn.shopify.com/s/files/1/0885/7180/6000/files/RSSUDT-834281_ALT2_jpg.webp?v=1773104718
resistol-super-duty,Resistol Super Duty - Tuff Hedeman Cowboy Hat,RESISTOL,gid://shopify/MediaImage/43043763454256,,"Resistol Super Duty Tuff Hedeman Cowboy Hat, bangora straw in natural",https://cdn.shopify.com/s/files/1/0885/7180/6000/files/RSSUDT-834281_ALT3_jpg.webp?v=1773104718
resistol-super-duty,Resistol Super Duty - Tuff Hedeman Cowboy Hat,RESISTOL,gid://shopify/MediaImage/43043763487024,,"Resistol Super Duty Tuff Hedeman Cowboy Hat, bangora straw in natural",https://cdn.shopify.com/s/files/1/0885/7180/6000/files/RSSUDT-834281_ALT4_jpg.webp?v=1773104718
resistol-drexal-cody-johnson,Resistol Drexel By Cody Johnson,Moon Ridge Hats and Heritage,gid://shopify/MediaImage/42400760496432,,"Moon Ridge Resistol Drexel By Cody Johnson, bangora straw hat in natural",https://cdn.shopify.com/s/files/1/0885/7180/6000/files/Drexel.webp?v=1763216230
resistol-drexal-cody-johnson,Resistol Drexel By Cody Johnson,Moon Ridge Hats and Heritage,gid://shopify/MediaImage/42400760430896,,"Moon Ridge Resistol Drexel By Cody Johnson, bangora straw hat, another angle",https://cdn.shopify.com/s/files/1/0885/7180/6000/files/Drexel_2.webp?v=1763216230
resistol-drexal-cody-johnson,Resistol Drexel By Cody Johnson,Moon Ridge Hats and Heritage,gid://shopify/MediaImage/42400760365360,,"Moon Ridge Resistol Drexel By Cody Johnson, bangora straw hat in natural",https://cdn.shopify.com/s/files/1/0885/7180/6000/files/Drexel_1.webp?v=1763216230
resistol-drexal-cody-johnson,Resistol Drexel By Cody Johnson,Moon Ridge Hats and Heritage,gid://shopify/MediaImage/42400760463664,,"Moon Ridge Resistol Drexel By Cody Johnson, bangora straw hat in natural",https://cdn.shopify.com/s/files/1/0885/7180/6000/files/Drexel_3.webp?v=1763216230
resistol-drexal-cody-johnson,Resistol Drexel By Cody Johnson,Moon Ridge Hats and Heritage,gid://shopify/MediaImage/42400760529200,,"Moon Ridge Resistol Drexel By Cody Johnson, bangora straw hat in natural",https://cdn.shopify.com/s/files/1/0885/7180/6000/files/Drexel_4.webp?v=1763216230
resistol-drexal-cody-johnson,Resistol Drexel By Cody Johnson,Moon Ridge Hats and Heritage,gid://shopify/MediaImage/42400760398128,,"Moon Ridge Resistol Drexel By Cody Johnson, bangora straw hat in natural",https://cdn.shopify.com/s/files/1/0885/7180/6000/files/Drexel_5.webp?v=1763216230
resistol-rigby-cody-johnson,Resistol Rigby By Cody Johnson,Moon Ridge Hats and Heritage,gid://shopify/MediaImage/43736738365744,,"Moon Ridge Resistol Rigby By Cody Johnson, bangora straw hat in natural",https://cdn.shopify.com/s/files/1/0885/7180/6000/files/FullSizeRender_ab9aeea9-0f56-47ca-98b1-c3f0cbf6c434.png?v=1780876261
resistol-rigby-cody-johnson,Resistol Rigby By Cody Johnson,Moon Ridge Hats and Heritage,gid://shopify/MediaImage/43736738398512,,"Moon Ridge Resistol Rigby By Cody Johnson, bangora straw hat, another angle",https://cdn.shopify.com/s/files/1/0885/7180/6000/files/RSRIGB-CJ4281_ALT1_jpg_ba470f24-9e7b-44d4-9c2f-31d6e7029fbd.png?v=1780876261
resistol-rigby-cody-johnson,Resistol Rigby By Cody Johnson,Moon Ridge Hats and Heritage,gid://shopify/MediaImage/43736738431280,,"Moon Ridge Resistol Rigby By Cody Johnson, bangora straw hat in natural",https://cdn.shopify.com/s/files/1/0885/7180/6000/files/RSRIGB-CJ4281_ALT2_jpg.png?v=1780876261
resistol-rigby-cody-johnson,Resistol Rigby By Cody Johnson,Moon Ridge Hats and Heritage,gid://shopify/MediaImage/43736738464048,,"Moon Ridge Resistol Rigby By Cody Johnson, bangora straw hat in natural",https://cdn.shopify.com/s/files/1/0885/7180/6000/files/RSRIGB-CJ4281_ALT3_jpg_ede4918b-acfd-4bcf-b778-c1f9d6797e6b.png?v=1780876261
resistol-rigby-cody-johnson,Resistol Rigby By Cody Johnson,Moon Ridge Hats and Heritage,gid://shopify/MediaImage/43736738496816,,"Moon Ridge Resistol Rigby By Cody Johnson, bangora straw hat in natural",https://cdn.shopify.com/s/files/1/0885/7180/6000/files/RSRIGB-CJ4281_ALT4_jpg_27281d96-d951-45e5-a533-7ae5acaed829.png?v=1780876261
resistol-wild-as-you-cody-johnson,Resistol Wild As You Kids By Cody Johnson,Moon Ridge Hats and Heritage,gid://shopify/MediaImage/43736721850672,,"Moon Ridge Resistol Wild As You Kids By Cody Johnson, hat in natural",https://cdn.shopify.com/s/files/1/0885/7180/6000/files/4A6D6328-DD5E-4529-AF23-76825D05397E.png?v=1780876076
jensen,Stetson Jensen,Moon Ridge Hats and Heritage,gid://shopify/MediaImage/43135848153392,,"Moon Ridge Stetson Jensen, brown ivory straw hat",https://cdn.shopify.com/s/files/1/0885/7180/6000/files/FullSizeRender_5e2da8a7-dea1-4558-812f-94b4d6edea0f.png?v=1773891553
centennial,Stetson Centennial,Moon Ridge Hats and Heritage,gid://shopify/MediaImage/43142952485168,,"Moon Ridge Stetson Centennial, hat",https://cdn.shopify.com/s/files/1/0885/7180/6000/files/FullSizeRender_8d597a5e-c18b-4d01-93fb-e7c357871f4e.png?v=1773902098
sedona,Stetson Sedona,Moon Ridge Hats and Heritage,gid://shopify/MediaImage/43135840289072,,"Moon Ridge Stetson Sedona, hat",https://cdn.shopify.com/s/files/1/0885/7180/6000/files/FullSizeRender_9534ee12-124c-43a2-bc1c-02c4e218ad21.png?v=1773891355
onyx,Stetson Onyx,Moon Ridge Hats and Heritage,gid://shopify/MediaImage/41681572528432,,"Moon Ridge Stetson Onyx, black straw cowboy hat",https://cdn.shopify.com/s/files/1/0885/7180/6000/files/FullSizeRender_8617c90d-d5af-452b-9a48-8af1d9240ef5.jpg?v=1756172978
santa-fe,Stetson Santa Fe,Moon Ridge Hats and Heritage,gid://shopify/MediaImage/41681584161072,,"Moon Ridge Stetson Santa Fe, hat",https://cdn.shopify.com/s/files/1/0885/7180/6000/files/FullSizeRender_a8c96040-fe31-4e12-8a36-d7170ba411e1.jpg?v=1756173314
black-felt,Black Felt,Moon Ridge Hats and Heritage,gid://shopify/MediaImage/43635703447856,,"Moon Ridge Black Felt, hat",https://cdn.shopify.com/s/files/1/0885/7180/6000/files/FullSizeRender_27171e36-e74f-4891-8ddb-90c514b6baa4.png?v=1779674677
silverbelly-felt,Silverbelly Felt,Moon Ridge Hats and Heritage,gid://shopify/MediaImage/44271825781040,,"Moon Ridge Silverbelly Felt, hat",https://cdn.shopify.com/s/files/1/0885/7180/6000/files/FullSizeRender_d9981b1e-7ba8-4ee1-a78a-0f95fb8106bc.png?v=1785529175
chocolate-felt,Twister Dallas,TWISTER,gid://shopify/MediaImage/41777031086384,,"Twister Dallas, hat in chocolate",https://cdn.shopify.com/s/files/1/0885/7180/6000/files/FullSizeRender_9bacd2a0-d0e9-4b94-be31-bd72320604a3.jpg?v=1760543579
mountain-sky,Stetson Mountain Sky,Moon Ridge Hats and Heritage,gid://shopify/MediaImage/43135698043184,,"Moon Ridge Stetson Mountain Sky, crushable wool hat in silverbelly",https://cdn.shopify.com/s/files/1/0885/7180/6000/files/FullSizeRender_d913668a-b015-43ee-8ffa-85ae8b770949.png?v=1773889186
mountain-sky,Stetson Mountain Sky,Moon Ridge Hats and Heritage,gid://shopify/MediaImage/43261814538544,,"Moon Ridge Stetson Mountain Sky, crushable wool hat, another angle",https://cdn.shopify.com/s/files/1/0885/7180/6000/files/image_3ac7bece-7b70-4023-9200-77155d95cddf.png?v=1775448389
pork-pie-trilby-panama,Bigalli Pork Pie Trilby Panama,Bigalli Hats USA,gid://shopify/MediaImage/41898356703536,,Bigalli Pork Pie Trilby Panama in natural panama,https://cdn.shopify.com/s/files/1/0885/7180/6000/files/Bigalli_Hats_PorkPieTrilby_Nat_P_1_e3330ef9-d113-4f78-9704-b142c9aa64b6.jpg?v=1758376318
milano-wool-felt,Bigalli Milano Wool Fedora,Bigalli Hats USA,gid://shopify/MediaImage/41993279308080,,Bigalli Milano Wool Fedora in dark grey wool,https://cdn.shopify.com/s/files/1/0885/7180/6000/files/Bigalli_Hats_Milano_DarkGrey_P_83ce9638-b6a5-44e6-9a39-67f793402d1f.jpg?v=1759379581
milano-wool-felt,Bigalli Milano Wool Fedora,Bigalli Hats USA,gid://shopify/MediaImage/41993279340848,,"Bigalli Milano Wool Fedora, another angle",https://cdn.shopify.com/s/files/1/0885/7180/6000/files/BigalliconMilano.jpg?v=1759379581
milano-wool-felt,Bigalli Milano Wool Fedora,Bigalli Hats USA,gid://shopify/MediaImage/41993279373616,,Bigalli Milano Wool Fedora,https://cdn.shopify.com/s/files/1/0885/7180/6000/files/Bigalli_Hats_Milano_DarkGrey_1.jpg?v=1759379581
milano-wool-felt,Bigalli Milano Wool Fedora,Bigalli Hats USA,gid://shopify/MediaImage/41993279406384,,Bigalli Milano Wool Fedora,https://cdn.shopify.com/s/files/1/0885/7180/6000/files/Bigalli_Hats_Milano_DarkGrey_2.jpg?v=1759379581
milano-wool-felt,Bigalli Milano Wool Fedora,Bigalli Hats USA,gid://shopify/MediaImage/41993279439152,,Bigalli Milano Wool Fedora,https://cdn.shopify.com/s/files/1/0885/7180/6000/files/Bigalli_Hats_Milano_DarkGrey_3.jpg?v=1759379581
milano-wool-felt,Bigalli Milano Wool Fedora,Bigalli Hats USA,gid://shopify/MediaImage/41993279471920,,Bigalli Milano Wool Fedora in navy wool,https://cdn.shopify.com/s/files/1/0885/7180/6000/files/Bigalli_Hats_Milano_Navy_P_be09c107-69fc-4588-8c51-0a83b662e850.jpg?v=1759379581
milano-wool-felt,Bigalli Milano Wool Fedora,Bigalli Hats USA,gid://shopify/MediaImage/41993279504688,,Bigalli Milano Wool Fedora in black wool,https://cdn.shopify.com/s/files/1/0885/7180/6000/files/Bigalli_Hats_Milano_Black_P_4cfd087f-7fbf-47e2-891a-8682cd060612.jpg?v=1759379582
milano-wool-felt,Bigalli Milano Wool Fedora,Bigalli Hats USA,gid://shopify/MediaImage/41993279537456,,Bigalli Milano Wool Fedora in khaki wool,https://cdn.shopify.com/s/files/1/0885/7180/6000/files/Bigalli_Hats_Milano_Khaki_P_88d4a376-21f9-4cc4-ab15-09473ca35e7a.jpg?v=1759379582
milano-wool-felt,Bigalli Milano Wool Fedora,Bigalli Hats USA,gid://shopify/MediaImage/41993279570224,,Bigalli Milano Wool Fedora in dark brown wool,https://cdn.shopify.com/s/files/1/0885/7180/6000/files/Bigalli_Hats_Milano_DarkBrown_P_dd75025a-8f9d-457d-ae46-fee80d949d06.jpg?v=1759379582
milano-wool-felt,Bigalli Milano Wool Fedora,Bigalli Hats USA,gid://shopify/MediaImage/41993279602992,,Bigalli Milano Wool Fedora in blackberry wool,https://cdn.shopify.com/s/files/1/0885/7180/6000/files/Bigalli_Hats_Milano_Blackberry_P_1308b1f8-3205-45f7-a9f7-0aeae13bd4e5.jpg?v=1759379582
milano-wool-felt,Bigalli Milano Wool Fedora,Bigalli Hats USA,gid://shopify/MediaImage/41993279635760,,Bigalli Milano Wool Fedora in tobacco wool,https://cdn.shopify.com/s/files/1/0885/7180/6000/files/Wool-Tobacco_372bd5b1-e8d0-44ae-9aec-83f90f44ffd4.jpg?v=1759379581
chukaro-panama-new,Bigalli Hats Chukaro Panama,Bigalli Hats USA,gid://shopify/MediaImage/42144831963440,,Bigalli Hats Chukaro Panama in black panama,https://cdn.shopify.com/s/files/1/0885/7180/6000/files/Product_Shot_Sizing_436373ec-7f17-4ec7-8ecc-c1451ef6243f.png?v=1760540823
chukaro-panama-new,Bigalli Hats Chukaro Panama,Bigalli Hats USA,gid://shopify/MediaImage/41993620455728,,"Bigalli Hats Chukaro Panama, another angle",https://cdn.shopify.com/s/files/1/0885/7180/6000/files/Bigalli-Chukaro.jpg?v=1760540823
chukaro-panama-new,Bigalli Hats Chukaro Panama,Bigalli Hats USA,gid://shopify/MediaImage/41993620488496,,Bigalli Hats Chukaro Panama in black,https://cdn.shopify.com/s/files/1/0885/7180/6000/files/Bigalli_Hats_Chucaro_Black_5_647a0c1f-3a71-4c3a-99ec-c9c1c8bec16e.jpg?v=1760540823
chukaro-panama-new,Bigalli Hats Chukaro Panama,Bigalli Hats USA,gid://shopify/MediaImage/41993620521264,,Bigalli Hats Chukaro Panama in black,https://cdn.shopify.com/s/files/1/0885/7180/6000/files/Bigalli_Hats_Chucaro_Black_1_d029ed1c-5751-473d-a2cf-5084d8570b30.jpg?v=1760540823
chukaro-panama-new,Bigalli Hats Chukaro Panama,Bigalli Hats USA,gid://shopify/MediaImage/41993620554032,,Bigalli Hats Chukaro Panama in black,https://cdn.shopify.com/s/files/1/0885/7180/6000/files/Bigalli_Hats_Chucaro_Black_2_0520af45-28e8-41a8-8259-3f3c329af178.jpg?v=1760540823
chukaro-panama-new,Bigalli Hats Chukaro Panama,Bigalli Hats USA,gid://shopify/MediaImage/41993620586800,,Bigalli Hats Chukaro Panama in black,https://cdn.shopify.com/s/files/1/0885/7180/6000/files/Bigalli_Hats_Chucaro_Black_3_f6a9979e-84fd-4460-8044-26b5515845a2.jpg?v=1760540823
chukaro-panama-new,Bigalli Hats Chukaro Panama,Bigalli Hats USA,gid://shopify/MediaImage/41993620619568,,Bigalli Hats Chukaro Panama in black,https://cdn.shopify.com/s/files/1/0885/7180/6000/files/Bigalli_Hats_Chucaro_Black_4_b2526a70-0302-4c99-b377-f978a479ca4a.jpg?v=1760540823
high-lands-alpaca-blend,Bigalli Alpaca Blend Fedora,Bigalli Hats USA,gid://shopify/MediaImage/42145224458544,,Bigalli Alpaca Blend Fedora,https://cdn.shopify.com/s/files/1/0885/7180/6000/files/Product_Shot_Sizing_4e9b391b-d23d-4ffe-87b8-67c34461e704.png?v=1760542647
high-lands-alpaca-blend,Bigalli Alpaca Blend Fedora,Bigalli Hats USA,gid://shopify/MediaImage/41993617080624,,"Bigalli Alpaca Blend Fedora, another angle",https://cdn.shopify.com/s/files/1/0885/7180/6000/files/Modelo-High-lands_b20a4801-7200-4e6e-87be-250bb1006255.jpg?v=1760542647
high-lands-alpaca-blend,Bigalli Alpaca Blend Fedora,Bigalli Hats USA,gid://shopify/MediaImage/41993617113392,,Bigalli Alpaca Blend Fedora,https://cdn.shopify.com/s/files/1/0885/7180/6000/files/Bigalli_Hats_HighLands_Moss_1.jpg?v=1760542647
high-lands-alpaca-blend,Bigalli Alpaca Blend Fedora,Bigalli Hats USA,gid://shopify/MediaImage/41993617146160,,Bigalli Alpaca Blend Fedora,https://cdn.shopify.com/s/files/1/0885/7180/6000/files/Bigalli_Hats_HighLands_Moss_2.jpg?v=1760542647
high-lands-alpaca-blend,Bigalli Alpaca Blend Fedora,Bigalli Hats USA,gid://shopify/MediaImage/41993617178928,,Bigalli Alpaca Blend Fedora,https://cdn.shopify.com/s/files/1/0885/7180/6000/files/Bigalli_Hats_HighLands_Moss_3.jpg?v=1760542647
high-lands-alpaca-blend,Bigalli Alpaca Blend Fedora,Bigalli Hats USA,gid://shopify/MediaImage/41993617211696,,Bigalli Alpaca Blend Fedora,https://cdn.shopify.com/s/files/1/0885/7180/6000/files/Bigalli_Hats_HighLands_Moss_4.jpg?v=1760542647
high-lands-alpaca-blend,Bigalli Alpaca Blend Fedora,Bigalli Hats USA,gid://shopify/MediaImage/41993617244464,,Bigalli Alpaca Blend Fedora,https://cdn.shopify.com/s/files/1/0885/7180/6000/files/Bigalli_Hats_HighLands_Amberbrown_1.jpg?v=1760542647
high-lands-alpaca-blend,Bigalli Alpaca Blend Fedora,Bigalli Hats USA,gid://shopify/MediaImage/41993617277232,,Bigalli Alpaca Blend Fedora,https://cdn.shopify.com/s/files/1/0885/7180/6000/files/Bigalli_Hats_HighLands_Amberbrown_2.jpg?v=1760542647
high-lands-alpaca-blend,Bigalli Alpaca Blend Fedora,Bigalli Hats USA,gid://shopify/MediaImage/41993617310000,,Bigalli Alpaca Blend Fedora,https://cdn.shopify.com/s/files/1/0885/7180/6000/files/Bigalli_Hats_HighLands_Amberbrown_3.jpg?v=1760542647
high-lands-alpaca-blend,Bigalli Alpaca Blend Fedora,Bigalli Hats USA,gid://shopify/MediaImage/41993617342768,,Bigalli Alpaca Blend Fedora,https://cdn.shopify.com/s/files/1/0885/7180/6000/files/Bigalli_Hats_HighLands_Amberbrown_4.jpg?v=1760542647
high-lands-alpaca-blend,Bigalli Alpaca Blend Fedora,Bigalli Hats USA,gid://shopify/MediaImage/41993617375536,,Bigalli Alpaca Blend Fedora in amber brown alpaca,https://cdn.shopify.com/s/files/1/0885/7180/6000/files/Bigalli_Hats_HighLands_Amberbrown_P.jpg?v=1760542647
vancouver-te-panama,Vancouver TE Panama,Bigalli Hats USA,gid://shopify/MediaImage/41993617867056,,Bigalli Vancouver TE Panama in natural,https://cdn.shopify.com/s/files/1/0885/7180/6000/files/Bigalli_Hats_VancouverTE_Natural_P.jpg?v=1759382661
vancouver-te-panama,Vancouver TE Panama,Bigalli Hats USA,gid://shopify/MediaImage/41993617899824,,"Bigalli Vancouver TE Panama, another angle",https://cdn.shopify.com/s/files/1/0885/7180/6000/files/Bigalli_Hats_VancouverTE_Natural_2.jpg?v=1759382660
vancouver-te-panama,Vancouver TE Panama,Bigalli Hats USA,gid://shopify/MediaImage/41993617932592,,Bigalli Vancouver TE Panama in natural,https://cdn.shopify.com/s/files/1/0885/7180/6000/files/Bigalli_Hats_VancouverTE_Natural_1.jpg?v=1759382660
vancouver-te-panama,Vancouver TE Panama,Bigalli Hats USA,gid://shopify/MediaImage/41993617965360,,Bigalli Vancouver TE Panama in natural panama,https://cdn.shopify.com/s/files/1/0885/7180/6000/files/Bigalli_Hats_Vancouver_PuttyTE_P_jpg_374cf4a7-c15c-4787-afdb-01935697d4f3.jpg?v=1759382660
vancouver-te-panama,Vancouver TE Panama,Bigalli Hats USA,gid://shopify/MediaImage/41993617998128,,Bigalli Vancouver TE Panama in natural panama,https://cdn.shopify.com/s/files/1/0885/7180/6000/files/Bigalli_Hats_VancouverTE_Natural_P_96aa932f-958b-41f3-91a8-aa764084f938.jpg?v=1759382660
elegant-shade-panama,Bigalli Elegant Shade Panama,Bigalli Hats USA,gid://shopify/MediaImage/41993621537072,,Bigalli Elegant Shade Panama in natural panama,https://cdn.shopify.com/s/files/1/0885/7180/6000/files/Bigalli_Hats_ElegantShade_Natural_P_cdac35f2-3834-4fdf-a586-9067695a0a7d.jpg?v=1759382662
elegant-shade-panama,Bigalli Elegant Shade Panama,Bigalli Hats USA,gid://shopify/MediaImage/41993621569840,,Bigalli Elegant Shade Panama,https://cdn.shopify.com/s/files/1/0885/7180/6000/files/elegant-shade-panama_f0fe292e-662b-45fc-b922-57fa689e1371.jpg?v=1759382662
elegant-shade-panama,Bigalli Elegant Shade Panama,Bigalli Hats USA,gid://shopify/MediaImage/41993621602608,,"Bigalli Elegant Shade Panama, another angle",https://cdn.shopify.com/s/files/1/0885/7180/6000/files/Bigalli_Hats_ElegantShade_Natural_1.jpg?v=1759382661
elegant-shade-panama,Bigalli Elegant Shade Panama,Bigalli Hats USA,gid://shopify/MediaImage/41993621635376,,Bigalli Elegant Shade Panama in natural,https://cdn.shopify.com/s/files/1/0885/7180/6000/files/Bigalli_Hats_ElegantShade_Natural_2.jpg?v=1759382661
elegant-shade-panama,Bigalli Elegant Shade Panama,Bigalli Hats USA,gid://shopify/MediaImage/41993621668144,,Bigalli Elegant Shade Panama in natural,https://cdn.shopify.com/s/files/1/0885/7180/6000/files/Bigalli_Hats_ElegantShade_Natural_3.jpg?v=1759382661
elegant-shade-panama,Bigalli Elegant Shade Panama,Bigalli Hats USA,gid://shopify/MediaImage/41993621700912,,Bigalli Elegant Shade Panama in navy panama,https://cdn.shopify.com/s/files/1/0885/7180/6000/files/Bigalli_Hats_ElegantShade_Navy_P_f3d203fd-f2ee-4d49-8548-f421eb3054b9.jpg?v=1759382661
elegant-shade-panama,Bigalli Elegant Shade Panama,Bigalli Hats USA,gid://shopify/MediaImage/41993621733680,,Bigalli Elegant Shade Panama in navy,https://cdn.shopify.com/s/files/1/0885/7180/6000/files/Bigalli_Hats_ElegantShade_Navy_1.jpg?v=1759382662
elegant-shade-panama,Bigalli Elegant Shade Panama,Bigalli Hats USA,gid://shopify/MediaImage/41993621766448,,Bigalli Elegant Shade Panama in navy,https://cdn.shopify.com/s/files/1/0885/7180/6000/files/Bigalli_Hats_ElegantShade_Navy_2.jpg?v=1759382661
elegant-shade-panama,Bigalli Elegant Shade Panama,Bigalli Hats USA,gid://shopify/MediaImage/41993621799216,,Bigalli Elegant Shade Panama in navy,https://cdn.shopify.com/s/files/1/0885/7180/6000/files/Bigalli_Hats_ElegantShade_Navy_3.jpg?v=1759382661
elegant-shade-panama,Bigalli Elegant Shade Panama,Bigalli Hats USA,gid://shopify/MediaImage/41993621831984,,Bigalli Elegant Shade Panama in chocolate,https://cdn.shopify.com/s/files/1/0885/7180/6000/files/Bigalli_Hats_ElegantShade_Chocolate_P.jpg?v=1759382661
elegant-shade-panama,Bigalli Elegant Shade Panama,Bigalli Hats USA,gid://shopify/MediaImage/41993621864752,,Bigalli Elegant Shade Panama in chocolate,https://cdn.shopify.com/s/files/1/0885/7180/6000/files/Bigalli_Hats_ElegantShade_Chocolate_1.jpg?v=1759382661
elegant-shade-panama,Bigalli Elegant Shade Panama,Bigalli Hats USA,gid://shopify/MediaImage/41993621897520,,Bigalli Elegant Shade Panama in chocolate,https://cdn.shopify.com/s/files/1/0885/7180/6000/files/Bigalli_Hats_ElegantShade_Chocolate_2.jpg?v=1759382661
elegant-shade-panama,Bigalli Elegant Shade Panama,Bigalli Hats USA,gid://shopify/MediaImage/41993621930288,,Bigalli Elegant Shade Panama in chocolate,https://cdn.shopify.com/s/files/1/0885/7180/6000/files/Bigalli_Hats_ElegantShade_Chocolate_3.jpg?v=1759382661
alessandro-braid,Alessandro Braid,Bigalli Hats USA,gid://shopify/MediaImage/41993625665840,,"Bigalli Alessandro Braid, hat in black paper braid",https://cdn.shopify.com/s/files/1/0885/7180/6000/files/Bigalli_Hats_ALESSANDRO_BLACK_P_b4dd73b4-bac2-4e42-bbe4-d1af3c0d6029.jpg?v=1759382661
alessandro-braid,Alessandro Braid,Bigalli Hats USA,gid://shopify/MediaImage/41993625698608,,"Bigalli Alessandro Braid, hat, another angle",https://cdn.shopify.com/s/files/1/0885/7180/6000/files/Bigalli_Hats_ALESSANDRO_BLACK_1_9209863a-d4dd-4944-bcdd-83a320de8e9b.jpg?v=1759382661
alessandro-braid,Alessandro Braid,Bigalli Hats USA,gid://shopify/MediaImage/41993625731376,,"Bigalli Alessandro Braid, hat in black",https://cdn.shopify.com/s/files/1/0885/7180/6000/files/Bigalli_Hats_ALESSANDRO_BLACK_2_3d5c9394-19f9-4839-934b-bbeda6dd7a9a.jpg?v=1759382661
alessandro-braid,Alessandro Braid,Bigalli Hats USA,gid://shopify/MediaImage/41993625764144,,"Bigalli Alessandro Braid, hat in black",https://cdn.shopify.com/s/files/1/0885/7180/6000/files/Bigalli_Hats_ALESSANDRO_BLACK_3_02397dac-6d46-42ca-935d-127bf80898c7.gif?v=1759382661
alessandro-braid,Alessandro Braid,Bigalli Hats USA,gid://shopify/MediaImage/41993625796912,,"Bigalli Alessandro Braid, hat in red paper braid",https://cdn.shopify.com/s/files/1/0885/7180/6000/files/Paper-Braid-Red_f20ab4bf-a953-4a66-a16a-0dbd42a74380.jpg?v=1759382661
alessandro-braid,Alessandro Braid,Bigalli Hats USA,gid://shopify/MediaImage/41993625829680,,"Bigalli Alessandro Braid, hat in white paper braid",https://cdn.shopify.com/s/files/1/0885/7180/6000/files/Paper-Braid-White_afcd5727-4c20-4d7c-92ee-0d483a01f68b.jpg?v=1759382660
pioneer-panama-new,Bigalli Pioneer Panama Hat,Bigalli Hats USA,gid://shopify/MediaImage/43669534409008,,Bigalli Pioneer Panama Hat,https://cdn.shopify.com/s/files/1/0885/7180/6000/files/Bigalli_Austrailain_97990b74-e9da-4512-86ba-63ab1540ff96.png?v=1780168738
pioneer-panama-new,Bigalli Pioneer Panama Hat,Bigalli Hats USA,gid://shopify/MediaImage/43669534441776,,Bigalli Pioneer Panama Hat in natural,https://cdn.shopify.com/s/files/1/0885/7180/6000/files/Bigalli_Hats_Pionner_Natural_3_d5296e3e-e503-4808-9f1e-a1cbe86b8b8e.png?v=1780168738
pioneer-panama-new,Bigalli Pioneer Panama Hat,Bigalli Hats USA,gid://shopify/MediaImage/43669534474544,,"Bigalli Pioneer Panama Hat, another angle",https://cdn.shopify.com/s/files/1/0885/7180/6000/files/Bigalli_Hats_Pionner_Natural_1_0a47ee96-12aa-4e92-84b5-d66c607b90e0.png?v=1780168738
pioneer-panama-new,Bigalli Pioneer Panama Hat,Bigalli Hats USA,gid://shopify/MediaImage/43669534507312,,Bigalli Pioneer Panama Hat in natural,https://cdn.shopify.com/s/files/1/0885/7180/6000/files/Bigalli_Hats_Pionner_Natural_4_2560e005-7d75-428c-868d-e944776fbcb0.png?v=1780168738
pioneer-panama-new,Bigalli Pioneer Panama Hat,Bigalli Hats USA,gid://shopify/MediaImage/43669534540080,,Bigalli Pioneer Panama Hat in natural,https://cdn.shopify.com/s/files/1/0885/7180/6000/files/Bigalli_Hats_Pionner_Natural_2_7b689151-dd21-46d8-8d7c-b0798e52e064.png?v=1780168738
pioneer-panama-new,Bigalli Pioneer Panama Hat,Bigalli Hats USA,gid://shopify/MediaImage/43669534572848,,Bigalli Pioneer Panama Hat in white,https://cdn.shopify.com/s/files/1/0885/7180/6000/files/Bigalli_Hats_Pionner_White_1_99d8c30c-3beb-473f-9208-40d4c87cce05.png?v=1780168738
pioneer-panama-new,Bigalli Pioneer Panama Hat,Bigalli Hats USA,gid://shopify/MediaImage/43669534605616,,Bigalli Pioneer Panama Hat in white,https://cdn.shopify.com/s/files/1/0885/7180/6000/files/Bigalli_Hats_Pionner_White_2_59f38099-1dfe-4284-a5a1-25e718d632b3.png?v=1780168738
pioneer-panama-new,Bigalli Pioneer Panama Hat,Bigalli Hats USA,gid://shopify/MediaImage/43669534638384,,Bigalli Pioneer Panama Hat in white,https://cdn.shopify.com/s/files/1/0885/7180/6000/files/Bigalli_Hats_Pionner_White_4_6b944d2e-62a0-46b6-94db-803bec182355.png?v=1780168738
pioneer-panama-new,Bigalli Pioneer Panama Hat,Bigalli Hats USA,gid://shopify/MediaImage/43669534671152,,Bigalli Pioneer Panama Hat,https://cdn.shopify.com/s/files/1/0885/7180/6000/files/Pioneer-BIgalli_1f0e01e4-5bb4-4404-b4cf-20b21da42916.jpg?v=1780168738
pioneer-panama-new,Bigalli Pioneer Panama Hat,Bigalli Hats USA,gid://shopify/MediaImage/43669534703920,,Bigalli Pioneer Panama Hat in white panama,https://cdn.shopify.com/s/files/1/0885/7180/6000/files/Bigalli_Hats_Pionner_White_P_41b664de-4040-42c1-b9ec-8e0ca15708fc.png?v=1780168738
roma-stingy-wool-felt,Bigalli Roma Felt Fedora,Bigalli Hats USA,gid://shopify/MediaImage/43659105141040,,Bigalli Roma Felt Fedora,https://cdn.shopify.com/s/files/1/0885/7180/6000/files/Product_Shot_Sizing_35e05c7d-ecdd-4327-85f9-253adb8e2a2b.jpg?v=1780010190
roma-stingy-wool-felt,Bigalli Roma Felt Fedora,Bigalli Hats USA,gid://shopify/MediaImage/43659105173808,,"Bigalli Roma Felt Fedora, another angle",https://cdn.shopify.com/s/files/1/0885/7180/6000/files/bIGALLICONrOMASTINGY_622a5201-9e50-4ca7-9ac8-ba8c2baba780.jpg?v=1780010190
roma-stingy-wool-felt,Bigalli Roma Felt Fedora,Bigalli Hats USA,gid://shopify/MediaImage/43659105206576,,Bigalli Roma Felt Fedora in chocolate,https://cdn.shopify.com/s/files/1/0885/7180/6000/files/Bigalli_Hats_RomaStingy_Chocolate_1_faa7580a-ee8c-4d67-b9a3-f837ff6f4f25.jpg?v=1780010190
roma-stingy-wool-felt,Bigalli Roma Felt Fedora,Bigalli Hats USA,gid://shopify/MediaImage/43659105239344,,Bigalli Roma Felt Fedora in chocolate,https://cdn.shopify.com/s/files/1/0885/7180/6000/files/Bigalli_Hats_RomaStingy_Chocolate_2_bfbd9b95-be38-4b20-89cb-6d5b98129e35.jpg?v=1780010190
roma-stingy-wool-felt,Bigalli Roma Felt Fedora,Bigalli Hats USA,gid://shopify/MediaImage/43659105272112,,Bigalli Roma Felt Fedora in chocolate,https://cdn.shopify.com/s/files/1/0885/7180/6000/files/Bigalli_Hats_RomaStingy_Chocolate_3_94a0d76b-a95a-4dfb-b7bf-768b6452c6e2.jpg?v=1780010190
roma-stingy-wool-felt,Bigalli Roma Felt Fedora,Bigalli Hats USA,gid://shopify/MediaImage/43659105304880,,Bigalli Roma Felt Fedora in black,https://cdn.shopify.com/s/files/1/0885/7180/6000/files/Bigalli_Hats_RomaStingy_Black_1_35820ceb-d2a6-436d-9559-32ddaf10e3ec.jpg?v=1780010190
roma-stingy-wool-felt,Bigalli Roma Felt Fedora,Bigalli Hats USA,gid://shopify/MediaImage/43659105337648,,Bigalli Roma Felt Fedora in black,https://cdn.shopify.com/s/files/1/0885/7180/6000/files/Bigalli_Hats_RomaStingy_Black_2_857aa37a-7088-45e5-b00d-0041fc06b444.jpg?v=1780010190
roma-stingy-wool-felt,Bigalli Roma Felt Fedora,Bigalli Hats USA,gid://shopify/MediaImage/43659105370416,,Bigalli Roma Felt Fedora in black,https://cdn.shopify.com/s/files/1/0885/7180/6000/files/Bigalli_Hats_RomaStingy_Black_3_56931540-b595-4cff-b9f8-a575521c65e7.jpg?v=1780010190
roma-stingy-wool-felt,Bigalli Roma Felt Fedora,Bigalli Hats USA,gid://shopify/MediaImage/43659105403184,,Bigalli Roma Felt Fedora,https://cdn.shopify.com/s/files/1/0885/7180/6000/files/Bigalli_Hats_RomaStingy_DarkGrey_1_56a068f9-3845-4043-b667-f9d33642c8ce.jpg?v=1780010190
roma-stingy-wool-felt,Bigalli Roma Felt Fedora,Bigalli Hats USA,gid://shopify/MediaImage/43659105435952,,Bigalli Roma Felt Fedora,https://cdn.shopify.com/s/files/1/0885/7180/6000/files/Bigalli_Hats_RomaStingy_DarkGrey_3_730cdc88-26bf-444c-87a5-a1a10f5cccb6.jpg?v=1780010190
roma-stingy-wool-felt,Bigalli Roma Felt Fedora,Bigalli Hats USA,gid://shopify/MediaImage/43659105468720,,Bigalli Roma Felt Fedora in black wool,https://cdn.shopify.com/s/files/1/0885/7180/6000/files/Bigalli_Hats_RomaStingy_Black_P_be33f85b-4fb5-45e1-8df5-9da802fcf233.jpg?v=1780010190
roma-stingy-wool-felt,Bigalli Roma Felt Fedora,Bigalli Hats USA,gid://shopify/MediaImage/43659105501488,,Bigalli Roma Felt Fedora in dark grey wool,https://cdn.shopify.com/s/files/1/0885/7180/6000/files/Bigalli_Hats_RomaStingy_Dark_Grey_P_dd7fbfc8-6039-4681-bec3-0434188ff76e.jpg?v=1780010190
quickstep-wool-felt,Bigalli Quickstep Wool Fedora,Bigalli Hats USA,gid://shopify/MediaImage/43652975657264,,Bigalli Quickstep Wool Fedora,https://cdn.shopify.com/s/files/1/0885/7180/6000/files/Product_Shot_Sizing_4167bcfb-b57e-45d7-ab9c-d1e53e89aa9c.jpg?v=1779936451
quickstep-wool-felt,Bigalli Quickstep Wool Fedora,Bigalli Hats USA,gid://shopify/MediaImage/43652975690032,,"Bigalli Quickstep Wool Fedora, another angle",https://cdn.shopify.com/s/files/1/0885/7180/6000/files/BigalliconQuickstep_7afaaed5-d83f-4d5f-bc5a-dc3560f0e919.jpg?v=1779936451
quickstep-wool-felt,Bigalli Quickstep Wool Fedora,Bigalli Hats USA,gid://shopify/MediaImage/43652975722800,,Bigalli Quickstep Wool Fedora in black,https://cdn.shopify.com/s/files/1/0885/7180/6000/files/Bigalli_Hats_QuickStep_Black_1_c32d2f2f-0a6a-4904-8716-d55ae772c82a.jpg?v=1779936451
quickstep-wool-felt,Bigalli Quickstep Wool Fedora,Bigalli Hats USA,gid://shopify/MediaImage/43652975755568,,Bigalli Quickstep Wool Fedora in black,https://cdn.shopify.com/s/files/1/0885/7180/6000/files/Bigalli_Hats_QuickStep_Black_3_be9c7eeb-0aa5-4c00-bc02-a7093bfaed09.jpg?v=1779936451
quickstep-wool-felt,Bigalli Quickstep Wool Fedora,Bigalli Hats USA,gid://shopify/MediaImage/43652975788336,,Bigalli Quickstep Wool Fedora in khaki,https://cdn.shopify.com/s/files/1/0885/7180/6000/files/Bigalli_Hats_QuickStep_Khaki_1_7413f872-a971-4e9b-9b0d-6d85b0b29d4c.jpg?v=1779936451
quickstep-wool-felt,Bigalli Quickstep Wool Fedora,Bigalli Hats USA,gid://shopify/MediaImage/43652975821104,,Bigalli Quickstep Wool Fedora in khaki,https://cdn.shopify.com/s/files/1/0885/7180/6000/files/Bigalli_Hats_QuickStep_Khaki_2_86a53ef6-4ce2-4347-8651-06f7641ee595.jpg?v=1779936451
quickstep-wool-felt,Bigalli Quickstep Wool Fedora,Bigalli Hats USA,gid://shopify/MediaImage/43652975853872,,Bigalli Quickstep Wool Fedora in khaki,https://cdn.shopify.com/s/files/1/0885/7180/6000/files/Bigalli_Hats_QuickStep_Khaki_3_2665ab10-d6ef-4d26-8352-71aab039fe45.jpg?v=1779936451
quickstep-wool-felt,Bigalli Quickstep Wool Fedora,Bigalli Hats USA,gid://shopify/MediaImage/43652975886640,,Bigalli Quickstep Wool Fedora,https://cdn.shopify.com/s/files/1/0885/7180/6000/files/Bigalli_Hats_Quicksetp_DarkBrown_P_6b1bda59-de35-4fc2-ac69-84233acc56c7.jpg?v=1779936451
quickstep-wool-felt,Bigalli Quickstep Wool Fedora,Bigalli Hats USA,gid://shopify/MediaImage/43652975919408,,Bigalli Quickstep Wool Fedora,https://cdn.shopify.com/s/files/1/0885/7180/6000/files/Bigalli_Hats_Quicksetp_DarkBrown_1_e018fe87-11c5-4a15-a35a-ea355dc49866.jpg?v=1779936451
quickstep-wool-felt,Bigalli Quickstep Wool Fedora,Bigalli Hats USA,gid://shopify/MediaImage/43652975952176,,Bigalli Quickstep Wool Fedora,https://cdn.shopify.com/s/files/1/0885/7180/6000/files/Bigalli_Hats_Quicksetp_DarkBrown_2_67177fbd-2112-424c-af33-34f202a7b113.jpg?v=1779936451
quickstep-wool-felt,Bigalli Quickstep Wool Fedora,Bigalli Hats USA,gid://shopify/MediaImage/43652975984944,,Bigalli Quickstep Wool Fedora,https://cdn.shopify.com/s/files/1/0885/7180/6000/files/Bigalli_Hats_Quicksetp_DarkBrown_3_d019a9b6-cf70-4757-9f0d-f4516c37cf52.jpg?v=1779936451
quickstep-wool-felt,Bigalli Quickstep Wool Fedora,Bigalli Hats USA,gid://shopify/MediaImage/43652976017712,,Bigalli Quickstep Wool Fedora in navy,https://cdn.shopify.com/s/files/1/0885/7180/6000/files/Bigalli_Hats_Quickstep_Navy_P_b5698e96-ab7d-4938-bcaf-2c2b9a619878.jpg?v=1779936451
quickstep-wool-felt,Bigalli Quickstep Wool Fedora,Bigalli Hats USA,gid://shopify/MediaImage/43652976050480,,Bigalli Quickstep Wool Fedora in navy,https://cdn.shopify.com/s/files/1/0885/7180/6000/files/Bigalli_Hats_Quickstep_Navy_1_909d291f-992f-4113-b3d7-47824751e779.jpg?v=1779936451
quickstep-wool-felt,Bigalli Quickstep Wool Fedora,Bigalli Hats USA,gid://shopify/MediaImage/43652976083248,,Bigalli Quickstep Wool Fedora in navy,https://cdn.shopify.com/s/files/1/0885/7180/6000/files/Bigalli_Hats_Quickstep_Navy_2_53f01e9c-3ead-47ff-83d2-1936dceabda7.jpg?v=1779936451
quickstep-wool-felt,Bigalli Quickstep Wool Fedora,Bigalli Hats USA,gid://shopify/MediaImage/43652976116016,,Bigalli Quickstep Wool Fedora in navy,https://cdn.shopify.com/s/files/1/0885/7180/6000/files/Bigalli_Hats_Quickstep_Navy_3_83d2a576-8f77-4f84-ac48-34aaf098ef24.jpg?v=1779936451
quickstep-wool-felt,Bigalli Quickstep Wool Fedora,Bigalli Hats USA,gid://shopify/MediaImage/43652976148784,,Bigalli Quickstep Wool Fedora,https://cdn.shopify.com/s/files/1/0885/7180/6000/files/Bigalli_Hats_QuickStep_DarkGray_1_135d9d8d-898e-4031-8acf-0bdc7defa727.jpg?v=1779936451
quickstep-wool-felt,Bigalli Quickstep Wool Fedora,Bigalli Hats USA,gid://shopify/MediaImage/43652976181552,,Bigalli Quickstep Wool Fedora,https://cdn.shopify.com/s/files/1/0885/7180/6000/files/Bigalli_Hats_QuickStep_DarkGray_2_5edce21e-32a5-4871-a33c-0b8acef2e5e0.jpg?v=1779936451
quickstep-wool-felt,Bigalli Quickstep Wool Fedora,Bigalli Hats USA,gid://shopify/MediaImage/43652976214320,,Bigalli Quickstep Wool Fedora,https://cdn.shopify.com/s/files/1/0885/7180/6000/files/Bigalli_Hats_QuickStep_DarkGray_3_975071c0-bba3-4cc3-9b93-6997c0c95958.jpg?v=1779936451
quickstep-wool-felt,Bigalli Quickstep Wool Fedora,Bigalli Hats USA,gid://shopify/MediaImage/43652976247088,,Bigalli Quickstep Wool Fedora in khaki wool,https://cdn.shopify.com/s/files/1/0885/7180/6000/files/Bigalli_Hats_QuickStep_Khaki_P_d5a428a9-085d-4b50-b30c-1bb7ed46c121.jpg?v=1779936451
quickstep-wool-felt,Bigalli Quickstep Wool Fedora,Bigalli Hats USA,gid://shopify/MediaImage/43652976279856,,Bigalli Quickstep Wool Fedora in dark grey wool,https://cdn.shopify.com/s/files/1/0885/7180/6000/files/Bigalli_Hats_QuickStep_DarkGray_P_7b19dfe4-0c7b-4515-b8ae-4dff94054bfc.jpg?v=1779936451
quickstep-wool-felt,Bigalli Quickstep Wool Fedora,Bigalli Hats USA,gid://shopify/MediaImage/43652976312624,,Bigalli Quickstep Wool Fedora in burgundy wool,https://cdn.shopify.com/s/files/1/0885/7180/6000/files/Bigalli_Hats_QuickStep_Blackberry_P_4215e373-293c-4a51-b248-2d63560b64ba.jpg?v=1779936451
australian-te-panama,Bigalli Australian Te Panama Hat,Bigalli Hats USA,gid://shopify/MediaImage/43659113857328,,Bigalli Australian Te Panama Hat in natural,https://cdn.shopify.com/s/files/1/0885/7180/6000/files/Bigalli_Hats_AustralianTE_Natural_2_f9761cca-eeb2-47d9-b492-66c390909902.png?v=1780010653
australian-te-panama,Bigalli Australian Te Panama Hat,Bigalli Hats USA,gid://shopify/MediaImage/43659113890096,,"Bigalli Australian Te Panama Hat, another angle",https://cdn.shopify.com/s/files/1/0885/7180/6000/files/Bigalli_Hats_AustralianTE_Natural_1_e0977b01-7d39-4c36-ace7-48f6f231b81f.png?v=1780010653
australian-te-panama,Bigalli Australian Te Panama Hat,Bigalli Hats USA,gid://shopify/MediaImage/43659113922864,,Bigalli Australian Te Panama Hat in natural,https://cdn.shopify.com/s/files/1/0885/7180/6000/files/Bigalli_Hats_AustralianTE_Natural_3_24f811be-5c13-42d3-b48f-4182b7110af2.png?v=1780010653
australian-te-panama,Bigalli Australian Te Panama Hat,Bigalli Hats USA,gid://shopify/MediaImage/43659113955632,,Bigalli Australian Te Panama Hat in white,https://cdn.shopify.com/s/files/1/0885/7180/6000/files/Bigalli_Hats_AustralianTE_White_3_92853e33-ffc4-414f-bcb7-d957d5efe29d.png?v=1780010653
australian-te-panama,Bigalli Australian Te Panama Hat,Bigalli Hats USA,gid://shopify/MediaImage/43659113988400,,Bigalli Australian Te Panama Hat in white,https://cdn.shopify.com/s/files/1/0885/7180/6000/files/Bigalli_Hats_AustralianTE_White_2_d4ad3865-3c3e-41e4-a974-0ef24fd06790.png?v=1780010653
australian-te-panama,Bigalli Australian Te Panama Hat,Bigalli Hats USA,gid://shopify/MediaImage/43659114021168,,Bigalli Australian Te Panama Hat in white,https://cdn.shopify.com/s/files/1/0885/7180/6000/files/Bigalli_Hats_AustralianTE_White_1_1793452a-28a8-47d9-bf4c-e990ca9aa481.png?v=1780010653
australian-te-panama,Bigalli Australian Te Panama Hat,Bigalli Hats USA,gid://shopify/MediaImage/43659114053936,,Bigalli Australian Te Panama Hat,https://cdn.shopify.com/s/files/1/0885/7180/6000/files/Bigalli_Hats_AustralianTE_Putty_3_jpg.png?v=1780010653
australian-te-panama,Bigalli Australian Te Panama Hat,Bigalli Hats USA,gid://shopify/MediaImage/43659114086704,,Bigalli Australian Te Panama Hat,https://cdn.shopify.com/s/files/1/0885/7180/6000/files/Bigalli_Hats_AustralianTE_Putty_1_jpg.png?v=1780010653
australian-te-panama,Bigalli Australian Te Panama Hat,Bigalli Hats USA,gid://shopify/MediaImage/43659114119472,,Bigalli Australian Te Panama Hat,https://cdn.shopify.com/s/files/1/0885/7180/6000/files/Bigalli_Hats_AustralianTE_Putty_2_jpg.png?v=1780010653
australian-te-panama,Bigalli Australian Te Panama Hat,Bigalli Hats USA,gid://shopify/MediaImage/43659114152240,,Bigalli Australian Te Panama Hat,https://cdn.shopify.com/s/files/1/0885/7180/6000/files/Bigalli-australian-te_a41c495a-c255-4486-aa7b-04be482a3d3f.jpg?v=1780010653
australian-te-panama,Bigalli Australian Te Panama Hat,Bigalli Hats USA,gid://shopify/MediaImage/43659114185008,,Bigalli Australian Te Panama Hat in natural panama,https://cdn.shopify.com/s/files/1/0885/7180/6000/files/Bigalli_Hats_AustralianTE_Natural_P_jpg_428d34ab-9716-4106-abdb-4ee6f8de10d3.jpg?v=1780010653
australian-te-panama,Bigalli Australian Te Panama Hat,Bigalli Hats USA,gid://shopify/MediaImage/43659114217776,,Bigalli Australian Te Panama Hat in white panama,https://cdn.shopify.com/s/files/1/0885/7180/6000/files/Bigalli_Hats_AustralianTE_White_P_jpg_60affb86-32f2-4b42-81d6-1cf3d643fca3.jpg?v=1780010653
australian-te-panama,Bigalli Australian Te Panama Hat,Bigalli Hats USA,gid://shopify/MediaImage/43659114250544,,Bigalli Australian Te Panama Hat in putty panama,https://cdn.shopify.com/s/files/1/0885/7180/6000/files/Bigalli_Hats_AustralianTE_Putty_P_jpg_7476b7eb-51f3-4066-9cbb-212db41b8737.jpg?v=1780010653
stetson-my-other-hat-is-a-stetson,Stetson My Other Hat Is A Stetson,STETSON,gid://shopify/MediaImage/43635444875568,,Stetson My Other Hat Is A Stetson,https://cdn.shopify.com/s/files/1/0885/7180/6000/files/Screenshot2025-10-04at1.webp?v=1779672754
stetson-my-other-hat-is-a-stetson,Stetson My Other Hat Is A Stetson,STETSON,gid://shopify/MediaImage/43635444908336,,"Stetson My Other Hat Is A Stetson, another angle",https://cdn.shopify.com/s/files/1/0885/7180/6000/files/image.webp?v=1779672754
stetson-outlaw-bison-trucker-hat,Stetson Outlaw Bison Trucker Hat,STETSON,gid://shopify/MediaImage/44006004457776,,"Stetson Outlaw Bison Trucker Hat, 60% cotton, 40% polyester",https://cdn.shopify.com/s/files/1/0885/7180/6000/files/421CCD6B-1FCF-44C5-A1A6-55A773DA7E58.webp?v=1782938279
stetson-western-wear-ball-cap,Stetson Western Wear Ball Cap,STETSON,gid://shopify/MediaImage/42024630911280,,Stetson Western Wear Ball Cap,https://cdn.shopify.com/s/files/1/0885/7180/6000/files/Screenshot2025-10-05at9.55.20AM.png?v=1759676234
stetson-eagle-trucker-hat-1,Stetson Eagle Trucker Hat,STETSON,gid://shopify/MediaImage/42026282221872,,Stetson Eagle Trucker Hat,https://cdn.shopify.com/s/files/1/0885/7180/6000/files/Screenshot2025-10-05at12.02.15PM_d473b170-f725-44c0-b77f-6536ed9faf20.png?v=1759685031
stetson-eagle-trucker-hat-1,Stetson Eagle Trucker Hat,STETSON,gid://shopify/MediaImage/42026282189104,,"Stetson Eagle Trucker Hat, another angle",https://cdn.shopify.com/s/files/1/0885/7180/6000/files/Screenshot2025-10-05at12.02.29PM_eb93cf48-0bea-4cad-b6a2-a345fd1c5ac9.png?v=1759685031
stetson-american-classic-motorcycle-trucker-cap,Stetson American Classic Motorcycle Trucker Cap,STETSON,gid://shopify/MediaImage/43635432456496,,Stetson American Classic Motorcycle Trucker Cap,https://cdn.shopify.com/s/files/1/0885/7180/6000/files/Screenshot2025-10-10at3.webp?v=1779672235
bigalli-striped-linen-newsboy-cap,Bigalli Striped Linen Newsboy Cap,BIGALLI,gid://shopify/MediaImage/43635234177328,,Bigalli Striped Linen Newsboy Cap,https://cdn.shopify.com/s/files/1/0885/7180/6000/files/Screenshot2025-10-11at1_b516284c-fcc6-4973-8cf7-3c0914514dd9.png?v=1779669291
bigalli-striped-linen-newsboy-cap,Bigalli Striped Linen Newsboy Cap,BIGALLI,gid://shopify/MediaImage/43635234210096,,"Bigalli Striped Linen Newsboy Cap, another angle",https://cdn.shopify.com/s/files/1/0885/7180/6000/files/Screenshot2025-10-11at1.png?v=1779669291
bigalli-striped-linen-newsboy-cap,Bigalli Striped Linen Newsboy Cap,BIGALLI,gid://shopify/MediaImage/43635234242864,,Bigalli Striped Linen Newsboy Cap,https://cdn.shopify.com/s/files/1/0885/7180/6000/files/Screenshot2025-10-11at1_a4801474-48cb-4caf-86b7-da1bf1c0a0bd.png?v=1779669291
stetson-womens-mid-lenght-crew-sweatshirt,Stetson Womens Mid Length Crew Sweatshirt,STETSON,gid://shopify/MediaImage/42116274716976,,Stetson Womens Mid Length Crew Sweatshirt,https://cdn.shopify.com/s/files/1/0885/7180/6000/files/Marroon.png?v=1760331003
stetson-womens-mid-length-crew-sweatshirt-copy,Stetson Womens Mid Length Tan Sweatshirt,STETSON,gid://shopify/MediaImage/42116278714672,,Stetson Womens Mid Length Tan Sweatshirt in brown,https://cdn.shopify.com/s/files/1/0885/7180/6000/files/Brown_Retest.png?v=1760331282
stetson-womens-mid-length-crew-sweatshirt-copy,Stetson Womens Mid Length Tan Sweatshirt,STETSON,gid://shopify/MediaImage/42116265771312,,Stetson Womens Mid Length Tan Sweatshirt,https://cdn.shopify.com/s/files/1/0885/7180/6000/files/Product_Shot_Sizing.png?v=1760331282
stetson-womens-mid-length-crew-sweatshirt-copy,Stetson Womens Mid Length Tan Sweatshirt,STETSON,gid://shopify/MediaImage/42116280615216,,"Stetson Womens Mid Length Tan Sweatshirt, another angle",https://cdn.shopify.com/s/files/1/0885/7180/6000/files/BrpwmREShot_Sizing.png?v=1760331282
stetson-grey-embroidered-hoodie,Stetson Grey Embroidered Hoodie,STETSON,gid://shopify/MediaImage/42116253647152,,Stetson Grey Embroidered Hoodie,https://cdn.shopify.com/s/files/1/0885/7180/6000/files/Gret_Sweatshirt.png?v=1760330304
stetson-grey-embroidered-hoodie,Stetson Grey Embroidered Hoodie,STETSON,gid://shopify/MediaImage/42116253614384,,"Stetson Grey Embroidered Hoodie, another angle",https://cdn.shopify.com/s/files/1/0885/7180/6000/files/Grey_Sweat_3.png?v=1760330305
stetson-grey-embroidered-hoodie,Stetson Grey Embroidered Hoodie,STETSON,gid://shopify/MediaImage/42116253581616,,Stetson Grey Embroidered Hoodie,https://cdn.shopify.com/s/files/1/0885/7180/6000/files/GreySweatshirt.png?v=1760330305
stetson-mens-stetson-t-shirt,Stetson T-Shirt With Black Crest Logo,STETSON,gid://shopify/MediaImage/42128969269552,,Stetson T-Shirt With Black Crest Logo,https://cdn.shopify.com/s/files/1/0885/7180/6000/files/BlackT.png?v=1760418775
stetson-mens-stetson-t-shirt,Stetson T-Shirt With Black Crest Logo,STETSON,gid://shopify/MediaImage/42128998596912,,"Stetson T-Shirt With Black Crest Logo, another angle",https://cdn.shopify.com/s/files/1/0885/7180/6000/files/Black_Tshirtg.png?v=1760418945
stetson-black-crest-logo-tee-copy,Stetson American Heritage T-Shirt,STETSON,gid://shopify/MediaImage/42129197891888,,Stetson American Heritage T-Shirt,https://cdn.shopify.com/s/files/1/0885/7180/6000/files/Product_Shot_Sizing_789b66b6-d72d-4720-ad27-00a70e4a6d0d.png?v=1760420389
stetson-black-crest-logo-tee-copy,Stetson American Heritage T-Shirt,STETSON,gid://shopify/MediaImage/42129178362160,,"Stetson American Heritage T-Shirt, another angle",https://cdn.shopify.com/s/files/1/0885/7180/6000/files/ProductShotSizing.png?v=1760420389
stetson-breezewood,Stetson Breezewood,Moon Ridge Hats and Heritage,gid://shopify/MediaImage/43736793547056,,"Moon Ridge Stetson Breezewood, hat in sea foam",https://cdn.shopify.com/s/files/1/0885/7180/6000/files/FullSizeRender_0f412fc4-87ba-407c-aa0f-a563edcd8a0d.png?v=1780876773
stetson-breezewood,Stetson Breezewood,Moon Ridge Hats and Heritage,gid://shopify/MediaImage/43736793579824,,"Moon Ridge Stetson Breezewood, hat, another angle",https://cdn.shopify.com/s/files/1/0885/7180/6000/files/FullSizeRender_bb1c681b-bf00-4cf6-b2b2-8abafb31dbf3.png?v=1780876772
stetson-grey-with-red-crest-logo-t-shirt,Stetson T-Shirt With Red Crest Logo,STETSON,gid://shopify/MediaImage/42188316999984,,Stetson T-Shirt With Red Crest Logo,https://cdn.shopify.com/s/files/1/0885/7180/6000/files/ProductShotSizing_77f14223-ff86-4f2f-a333-82b329389ed6.png?v=1760900524
stetson-stetson-leather-patch-trucker-ball-cap,Stetson Leather Patch Trucker Ball Cap,STETSON,gid://shopify/MediaImage/43635242434864,,Stetson Leather Patch Trucker Ball Cap,https://cdn.shopify.com/s/files/1/0885/7180/6000/files/1107701020095_8f93a0be-a991-472c-8a1f-ec0e8966a203.png?v=1779670080
stetson-stetson-beaver-eagle-drawing-short-sleeve-t-shirt,Stetson Beaver & Eagle Short Sleeve T-Shirt,STETSON,gid://shopify/MediaImage/42192359784752,,Stetson Beaver & Eagle Short Sleeve T-Shirt,https://cdn.shopify.com/s/files/1/0885/7180/6000/files/ProductShotSizing_4430b58b-c086-4bfe-b26b-cd57e7beae75.png?v=1760928819
stetson-stetson-american-legend-screen-print-short-sleeve-t-shirt,Stetson American Legend Short Sleeve T-Shirt,STETSON,gid://shopify/MediaImage/42192342024496,,Stetson American Legend Short Sleeve T-Shirt,https://cdn.shopify.com/s/files/1/0885/7180/6000/files/ProductShotSizing_d5f184a8-2f7a-4697-9d21-9d8ca7231d09.png?v=1760928443
stetson-stetson-american-legend-screen-print-short-sleeve-t-shirt,Stetson American Legend Short Sleeve T-Shirt,STETSON,gid://shopify/MediaImage/42192346644784,,"Stetson American Legend Short Sleeve T-Shirt, another angle",https://cdn.shopify.com/s/files/1/0885/7180/6000/files/Product_Shot_Sizing_826eef47-6478-49e2-a9f1-15712a6cd998.png?v=1760928538
stetson-stetson-with-star-print-hoodie-men,Stetson Star Print Hoodie,STETSON,gid://shopify/MediaImage/42192313516336,,Stetson Star Print Hoodie,https://cdn.shopify.com/s/files/1/0885/7180/6000/files/ProductShotSizing_a146272b-51e9-451a-94ff-2e597d9d79d5.png?v=1760927933
stetson-stetson-with-star-print-hoodie-men,Stetson Star Print Hoodie,STETSON,gid://shopify/MediaImage/42192315777328,,"Stetson Star Print Hoodie, another angle",https://cdn.shopify.com/s/files/1/0885/7180/6000/files/Product_Shot_Sizing_4637a5f7-115d-40cb-8e90-edabc2afdbd9.png?v=1760927989
stetson-stetson-block-letters-embroidered-hoodie-men,Stetson Block Letters Embroidered Hoodie,STETSON,gid://shopify/MediaImage/42191652094256,,Stetson Block Letters Embroidered Hoodie,https://cdn.shopify.com/s/files/1/0885/7180/6000/files/ProductShotSizing_418945d9-196a-4941-a95a-bc458513291d.png?v=1760926965
stetson-stetson-block-letters-embroidered-hoodie-men,Stetson Block Letters Embroidered Hoodie,STETSON,gid://shopify/MediaImage/42191773532464,,"Stetson Block Letters Embroidered Hoodie, another angle",https://cdn.shopify.com/s/files/1/0885/7180/6000/files/Product_Shot_Sizing_60fe4586-bd6a-43b3-aae6-9fc88cf38e7c.png?v=1760927084
northstar-hat-band,Genuine Leather Moon Ridge Hat Band - Chocolate,Northstar,gid://shopify/MediaImage/42448915398960,,Northstar Genuine Leather Moon Ridge Hat Band Chocolate,https://cdn.shopify.com/s/files/1/0885/7180/6000/files/14B57B39-A276-4A00-A307-AFCB88E66AB9.jpg?v=1764196158
sliver-fox-copy,Goorin Bros Killer Whale,Goorin Bros,gid://shopify/MediaImage/43635247579440,,"Goorin Bros. Goorin Bros Killer Whale, 57% polyester, 43% cotton hat",https://cdn.shopify.com/s/files/1/0885/7180/6000/files/1_bd15a3c9-500d-4af1-b711-41892fc41fcb.png?v=1779670602
sliver-fox-copy,Goorin Bros Killer Whale,Goorin Bros,gid://shopify/MediaImage/43635247612208,,"Goorin Bros. Goorin Bros Killer Whale, 57% polyester, 43% cotton hat, another angle",https://cdn.shopify.com/s/files/1/0885/7180/6000/files/2_13111f5c-ed1c-4489-91db-7df6402e724a.png?v=1779670602
sliver-fox-copy,Goorin Bros Killer Whale,Goorin Bros,gid://shopify/MediaImage/43635247644976,,"Goorin Bros. Goorin Bros Killer Whale, 57% polyester, 43% cotton hat",https://cdn.shopify.com/s/files/1/0885/7180/6000/files/3_02490609-483b-4725-b95b-793c14c78724.png?v=1779670602
sliver-fox-copy,Goorin Bros Killer Whale,Goorin Bros,gid://shopify/MediaImage/43635247677744,,"Goorin Bros. Goorin Bros Killer Whale, 57% polyester, 43% cotton hat",https://cdn.shopify.com/s/files/1/0885/7180/6000/files/4_ced2b024-77d9-44cd-b841-246ec7edef50.png?v=1779670603
sliver-fox-copy,Goorin Bros Killer Whale,Goorin Bros,gid://shopify/MediaImage/43635247710512,,"Goorin Bros. Goorin Bros Killer Whale, 57% polyester, 43% cotton hat",https://cdn.shopify.com/s/files/1/0885/7180/6000/files/5_981732fe-ab9c-498e-a0dc-494654f6de81.png?v=1779670602
stetson-laurel-hill-copy,Stetson Laurel Hill Straw,STETSON,gid://shopify/MediaImage/43901834527024,,"Stetson Laurel Hill Straw, hat in natural",https://cdn.shopify.com/s/files/1/0885/7180/6000/files/XSLRLH-093681_ALT1_b6f945d4-5366-412d-928a-4321fc042671.png?v=1781925162
stetson-laurel-hill-copy,Stetson Laurel Hill Straw,STETSON,gid://shopify/MediaImage/43901834559792,,"Stetson Laurel Hill Straw, hat, another angle",https://cdn.shopify.com/s/files/1/0885/7180/6000/files/XSLRLH-093681_ALT3_3a55bf4a-8dbb-4135-a369-9935341f21cf.png?v=1781925162
stetson-laurel-hill-copy,Stetson Laurel Hill Straw,STETSON,gid://shopify/MediaImage/43901834592560,,"Stetson Laurel Hill Straw, hat in natural",https://cdn.shopify.com/s/files/1/0885/7180/6000/files/XSLRLH-093681_ALT2_63142319-fb46-4f64-a70e-51fa144da887.png?v=1781925162
clean-barn-soy-wax-candle,Clean Barn Soy Wax Candle,Stable Style,gid://shopify/MediaImage/42401107804464,,Stable Style Clean Barn Soy Wax Candle,https://cdn.shopify.com/s/files/1/0885/7180/6000/files/image_85d25d74-d703-482b-b6b8-f93aa869b439.png?v=1763228863
clean-barn-soy-wax-candle,Clean Barn Soy Wax Candle,Stable Style,gid://shopify/MediaImage/42401108230448,,"Stable Style Clean Barn Soy Wax Candle, another angle",https://cdn.shopify.com/s/files/1/0885/7180/6000/files/image_c7f30ea7-c4b1-41dd-86d3-1d89a9c2d2ec.png?v=1763228883
clean-barn-soy-wax-candle,Clean Barn Soy Wax Candle,Stable Style,gid://shopify/MediaImage/42401108394288,,Stable Style Clean Barn Soy Wax Candle,https://cdn.shopify.com/s/files/1/0885/7180/6000/files/image_a202512b-1b0f-419a-b6c4-de43a0321e2c.png?v=1763228895
clean-barn-soy-wax-candle,Clean Barn Soy Wax Candle,Stable Style,gid://shopify/MediaImage/42401108623664,,Stable Style Clean Barn Soy Wax Candle,https://cdn.shopify.com/s/files/1/0885/7180/6000/files/image_5f9eaae4-2f3b-448d-875f-5526abdbe537.png?v=1763228898
clean-barn-soy-wax-candle,Clean Barn Soy Wax Candle,Stable Style,gid://shopify/MediaImage/42401108689200,,Stable Style Clean Barn Soy Wax Candle,https://cdn.shopify.com/s/files/1/0885/7180/6000/files/image_4503e2c3-ba47-4fcb-8005-a7d7dfed9b74.png?v=1763228903
cutter-and-buck-advantage-eco-refresh-polo-copy,Cutter & Buck Coastline Epic Comfort Recycled Womens Funnel Neck,CUTTER & BUCK,gid://shopify/MediaImage/43673499861296,,Cutter & Buck Coastline Epic Comfort Recycled Womens Funnel Neck in maroon,https://cdn.shopify.com/s/files/1/0885/7180/6000/files/image_0a48b5ee-df58-48a7-817c-55dc54a02933.png?v=1780290385
rafter-m-full-zip,Moon Ridge Full Zip,Moon Ridge Hats and Heritage,gid://shopify/MediaImage/42441198141744,,Moon Ridge Full Zip,https://cdn.shopify.com/s/files/1/0885/7180/6000/files/E1400103-4711-48E6-9871-35AED18175FD.jpg?v=1764089888
rafter-m-full-zip,Moon Ridge Full Zip,Moon Ridge Hats and Heritage,gid://shopify/MediaImage/42441205481776,,"Moon Ridge Full Zip in black, another angle",https://cdn.shopify.com/s/files/1/0885/7180/6000/files/D3B14610-DF57-43D5-9116-222A68880FC3.jpg?v=1764090100
hat-sale-wall-hat,Hat Sale Wall,Moon Ridge Hats and Heritage,gid://shopify/MediaImage/42448302211376,,Moon Ridge Hat Sale Wall,https://cdn.shopify.com/s/files/1/0885/7180/6000/files/E764FD7A-9E75-451D-B176-E5739E9500BC.jpg?v=1764186985
howdy-cap,Howdy Cap,Moon Ridge Hats and Heritage,gid://shopify/MediaImage/43611994947888,,Moon Ridge Howdy Cap,https://cdn.shopify.com/s/files/1/0885/7180/6000/files/IMG-4394_40f2b301-a1d6-4081-8961-6f1749b3a6a3.png?v=1779391460
support-your-local-cowboy,Support Your Local Cowboy,Moon Ridge Hats and Heritage,gid://shopify/MediaImage/43611998191920,,"Moon Ridge Support Your Local Cowboy, hat",https://cdn.shopify.com/s/files/1/0885/7180/6000/files/IMG-4395_66269488-c87d-4b04-8a72-fb4a12e134c0.png?v=1779391533
cupid-bring-me-a-cowboy-sweatshirt,Cupid Bring Me A Cowboy Sweatshirt,Moon Ridge Hats and Heritage,gid://shopify/MediaImage/42779432845616,,Moon Ridge Cupid Bring Me A Cowboy Sweatshirt,https://cdn.shopify.com/s/files/1/0885/7180/6000/files/D53A3AF6-9043-42BA-9007-A8572B30CFA8.jpg?v=1769303453
cupid-bring-me-a-cowboy-sweatshirt,Cupid Bring Me A Cowboy Sweatshirt,Moon Ridge Hats and Heritage,gid://shopify/MediaImage/42779432812848,,"Moon Ridge Cupid Bring Me A Cowboy Sweatshirt, another angle",https://cdn.shopify.com/s/files/1/0885/7180/6000/files/2CD40390-1962-4B37-9E1E-337BEAA2A2CA.jpg?v=1769303453
support-live-country-music,Support Live Country Music,Moon Ridge Hats and Heritage,gid://shopify/MediaImage/42779443986736,,Moon Ridge Support Live Country Music in gray,https://cdn.shopify.com/s/files/1/0885/7180/6000/files/8CB05FCF-FB54-4C76-9D73-279D256A460A.jpg?v=1769303698
parade-of-color-twilly,Parade Of Color Twilly,Moon Ridge Hats and Heritage,gid://shopify/MediaImage/42781807935792,,Moon Ridge Parade Of Color Twilly,https://cdn.shopify.com/s/files/1/0885/7180/6000/files/C0DD63C2-BC18-407B-90BF-22E31F69EF32.jpg?v=1769369088
cart-and-carriage-twilly,Cart And Carriage Twilly,Moon Ridge Hats and Heritage,gid://shopify/MediaImage/42781807968560,,Moon Ridge Cart And Carriage Twilly,https://cdn.shopify.com/s/files/1/0885/7180/6000/files/5EF3BA6D-8047-4ADB-91A3-CDB14FB03217.jpg?v=1769369088
la-cite-cavaliere-twilly,La Cite Cavaliere Twilly,Moon Ridge Hats and Heritage,gid://shopify/MediaImage/42781808001328,,Moon Ridge La Cite Cavaliere Twilly,https://cdn.shopify.com/s/files/1/0885/7180/6000/files/B4286055-5F6E-4232-87E6-808C89486CB9.jpg?v=1769369088
scarlet-wagon-wheel-twilly,Scarlet Wagon Wheel Twilly,Moon Ridge Hats and Heritage,gid://shopify/MediaImage/42781808034096,,Moon Ridge Scarlet Wagon Wheel Twilly,https://cdn.shopify.com/s/files/1/0885/7180/6000/files/D451C05F-4415-4E5F-9407-6AD4D2DE3C52.jpg?v=1769369088
cirque-of-color-scarf,Cirque Of Color Scarf,Moon Ridge Hats and Heritage,gid://shopify/MediaImage/42781977510192,,Moon Ridge Cirque Of Color Scarf,https://cdn.shopify.com/s/files/1/0885/7180/6000/files/IMG-4441.png?v=1769372190
lime-and-lavender-scarf,Lime And Lavender Scarf,Moon Ridge Hats and Heritage,gid://shopify/MediaImage/42781981901104,,Moon Ridge Lime And Lavender Scarf,https://cdn.shopify.com/s/files/1/0885/7180/6000/files/IMG-4442.png?v=1769372301
espresso-chic-scarf,Espresso Chic Scarf,Moon Ridge Hats and Heritage,gid://shopify/MediaImage/42781981868336,,Moon Ridge Espresso Chic Scarf,https://cdn.shopify.com/s/files/1/0885/7180/6000/files/IMG-4440.png?v=1769372301
pink-bejeweled-bandana,Pink Bejeweled Bandana,Moon Ridge Hats and Heritage,gid://shopify/MediaImage/42781997302064,,Moon Ridge Pink Bejeweled Bandana,https://cdn.shopify.com/s/files/1/0885/7180/6000/files/IMG-4444.png?v=1769372624
sand-bejeweled-bandana,Sand Bejeweled Bandana,Moon Ridge Hats and Heritage,gid://shopify/MediaImage/42781997269296,,Moon Ridge Sand Bejeweled Bandana,https://cdn.shopify.com/s/files/1/0885/7180/6000/files/IMG-4443.png?v=1769372625
red-bejeweled-bandana,Red Bejeweled Bandana,Moon Ridge Hats and Heritage,gid://shopify/MediaImage/42782013817136,,Moon Ridge Red Bejeweled Bandana,https://cdn.shopify.com/s/files/1/0885/7180/6000/files/4A208609-58DD-4AEB-8D1F-D74115644E5A.png?v=1769373012
stable-style-tack-room-soy-wax-candle,Tack Room Soy Wax Candle,Stable Style,gid://shopify/MediaImage/42783189795120,,Stable Style Tack Room Soy Wax Candle,https://cdn.shopify.com/s/files/1/0885/7180/6000/files/a898636310eb3f4fb41cd0de307db46fc2141bca7a77b858270b8565f9be927a.jpg?v=1769393093
stable-style-tack-room-soy-wax-candle,Tack Room Soy Wax Candle,Stable Style,gid://shopify/MediaImage/42783190057264,,"Stable Style Tack Room Soy Wax Candle, another angle",https://cdn.shopify.com/s/files/1/0885/7180/6000/files/b25739628ac2eb0d0c4933badfcf5ae6809f02304110377a403198d5c5e9d8a6.jpg?v=1769393095
stable-style-tack-room-soy-wax-candle,Tack Room Soy Wax Candle,Stable Style,gid://shopify/MediaImage/42783190122800,,Stable Style Tack Room Soy Wax Candle,https://cdn.shopify.com/s/files/1/0885/7180/6000/files/22a0dff3879949d3ccfa7b3520e5f48db1d4e80ca4f93510f429e9d32ba74290.jpg?v=1769393094
stable-style-luxe-barn-soy-wax-candle,Luxe Barn Soy Wax Candle,Stable Style,gid://shopify/MediaImage/42783190417712,,Stable Style Luxe Barn Soy Wax Candle,https://cdn.shopify.com/s/files/1/0885/7180/6000/files/5b64f287d55953d1755298cba65d25f6133ff6d71168f112c70bdd87adcff77c.jpg?v=1769393099
stable-style-luxe-barn-soy-wax-candle,Luxe Barn Soy Wax Candle,Stable Style,gid://shopify/MediaImage/42783190548784,,"Stable Style Luxe Barn Soy Wax Candle, another angle",https://cdn.shopify.com/s/files/1/0885/7180/6000/files/35a93a6bec342a94848f3d6e0975e01ca8ce904bc50af03eaa248ed73d8f4ef4.jpg?v=1769393101
stable-style-fancy-barn-soy-wax-candle,Fancy Barn Soy Wax Candle,Stable Style,gid://shopify/MediaImage/42783190843696,,Stable Style Fancy Barn Soy Wax Candle,https://cdn.shopify.com/s/files/1/0885/7180/6000/files/3bf56301948672df941cde359e0dc06d035cbcc35302199993204a0fce137b81.jpg?v=1769393102
stable-style-fancy-barn-soy-wax-candle,Fancy Barn Soy Wax Candle,Stable Style,gid://shopify/MediaImage/42783190974768,,"Stable Style Fancy Barn Soy Wax Candle, another angle",https://cdn.shopify.com/s/files/1/0885/7180/6000/files/d9d1144b340e77173c06d0b520fb00db86138032e1a5f52a9e65684a3061dddb.jpg?v=1769393104
stable-style-fancy-barn-soy-wax-candle,Fancy Barn Soy Wax Candle,Stable Style,gid://shopify/MediaImage/42783191007536,,Stable Style Fancy Barn Soy Wax Candle,https://cdn.shopify.com/s/files/1/0885/7180/6000/files/3bd37cdd077ba81f870ffcfbe6affe440f2963a3d9c35ca953206391d0b555a0.jpg?v=1769393104
stable-style-the-rancho-soy-wax-candle,The Rancho Soy Wax Candle,Stable Style,gid://shopify/MediaImage/42783191073072,,Stable Style The Rancho Soy Wax Candle,https://cdn.shopify.com/s/files/1/0885/7180/6000/files/9bde25d075f30aa09145194aae130391b89cffb9509899d25b4ae5fef36b34b1.jpg?v=1769393104
stable-style-the-rancho-soy-wax-candle,The Rancho Soy Wax Candle,Stable Style,gid://shopify/MediaImage/42783191138608,,"Stable Style The Rancho Soy Wax Candle, another angle",https://cdn.shopify.com/s/files/1/0885/7180/6000/files/65a24c7c96a9fa7258e8c6464817d2d8516314fe514c0850060fb00ab4b04789.jpg?v=1769393106
crave-by-fw-faux-fur-bucket-hat,Faux Fur Bucket Hat,Crave by FW,gid://shopify/MediaImage/42783191695664,,Crave Faux Fur Bucket Hat in white,https://cdn.shopify.com/s/files/1/0885/7180/6000/files/45fa46b651aa28c6fb8855b4bd872123e4ce92cd5ef2a3244dc166e8d8b50d76.jpg?v=1769393118
crave-by-fw-faux-fur-bucket-hat,Faux Fur Bucket Hat,Crave by FW,gid://shopify/MediaImage/42783191728432,,"Crave Faux Fur Bucket Hat in beige, another angle",https://cdn.shopify.com/s/files/1/0885/7180/6000/files/1a9f7dafc06e0e778845dae6426245436e2d13ceb64c32521ba0321817426952.jpg?v=1769393118
crave-by-fw-faux-fur-bucket-hat,Faux Fur Bucket Hat,Crave by FW,gid://shopify/MediaImage/42783191761200,,Crave Faux Fur Bucket Hat in coffee,https://cdn.shopify.com/s/files/1/0885/7180/6000/files/e108ce381e101a05196af482c763048814d215a9e84cede8bc310de398279341.jpg?v=1769393118
crave-by-fw-faux-fur-bucket-hat,Faux Fur Bucket Hat,Crave by FW,gid://shopify/MediaImage/42783191793968,,Crave Faux Fur Bucket Hat in black,https://cdn.shopify.com/s/files/1/0885/7180/6000/files/8687b8bb2e5408869e6fbfd0758af7fff544528492350ec184575bf5d479a04d.jpg?v=1769393118
crave-by-fw-faux-fur-bucket-hat,Faux Fur Bucket Hat,Crave by FW,gid://shopify/MediaImage/42783191826736,,Crave Faux Fur Bucket Hat,https://cdn.shopify.com/s/files/1/0885/7180/6000/files/4bc063dc3346bb147d0c5e69dd75733aea714085444f2a9bd00c5e8a0cc5dfdf.jpg?v=1769393118
crave-by-fw-faux-fur-bucket-hat,Faux Fur Bucket Hat,Crave by FW,gid://shopify/MediaImage/42783191892272,,Crave Faux Fur Bucket Hat,https://cdn.shopify.com/s/files/1/0885/7180/6000/files/da48e2df2caf36d83e3a414939ee2ed99b43a0aadbdab3b6e18bb29b695a8e1d.jpg?v=1769393118
crave-by-fw-faux-fur-bucket-hat,Faux Fur Bucket Hat,Crave by FW,gid://shopify/MediaImage/42783192154416,,Crave Faux Fur Bucket Hat,https://cdn.shopify.com/s/files/1/0885/7180/6000/files/d750604dce6ea68105cd30275d08b24ca2362a3c5eaf91490f381c0b179e04f5.jpg?v=1769393118
sedona-beaded-necklace,Sedona Beaded Necklace,Moon Ridge Hats and Heritage,gid://shopify/MediaImage/42783281512752,,Moon Ridge Sedona Beaded Necklace,https://cdn.shopify.com/s/files/1/0885/7180/6000/files/611706F5-0C66-4B1F-BCC8-30AE3AA3E0BB.jpg?v=1769395386
sonoma-beaded-necklace,Sonoma Beaded Necklace,Moon Ridge Hats and Heritage,gid://shopify/MediaImage/42783285051696,,Moon Ridge Sonoma Beaded Necklace,https://cdn.shopify.com/s/files/1/0885/7180/6000/files/3720614B-E6B9-4984-938A-E6544ECE1647.jpg?v=1769395540
monterey-beaded-necklace,Monterey Beaded Necklace,Moon Ridge Hats and Heritage,gid://shopify/MediaImage/43736605458736,,Moon Ridge Monterey Beaded Necklace,https://cdn.shopify.com/s/files/1/0885/7180/6000/files/2258A5DF-44E3-497F-950E-91782A49A0B4_e8ebd7a7-e78a-4d60-9074-53b6e01e9c23.jpg?v=1780875087
bull-necklace,Bull Necklace-14K Dipped,Moon Ridge Hats and Heritage,gid://shopify/MediaImage/42783379751216,,Moon Ridge Bull Necklace-14K Dipped,https://cdn.shopify.com/s/files/1/0885/7180/6000/files/214345A0-1EBC-4DBD-86AF-7131B5374EC8.jpg?v=1769397764
wild-west-necklace,Western Charm Beaded Necklace with Boot and Horseshoe,Moon Ridge Hats and Heritage,gid://shopify/MediaImage/43736581636400,,Moon Ridge Western Charm Beaded Necklace with Boot and Horseshoe,https://cdn.shopify.com/s/files/1/0885/7180/6000/files/838BE4DE-D16B-4AC4-8084-03A397610E50_5698487d-a9e2-4c53-b329-f1abf6be3b44.jpg?v=1780874840
isla-necklace,Isla Necklace,Moon Ridge Hats and Heritage,gid://shopify/MediaImage/43736558862640,,Moon Ridge Isla Necklace,https://cdn.shopify.com/s/files/1/0885/7180/6000/files/30ECEB0D-F2E4-4ED4-91B3-B0C4D6EB5EEC.png?v=1780874643
queen-of-hearts-earrings,Queen Of Hearts Earrings,Moon Ridge Hats and Heritage,gid://shopify/MediaImage/43669708177712,,Moon Ridge Queen Of Hearts Earrings,https://cdn.shopify.com/s/files/1/0885/7180/6000/files/FDE56E82-0F84-46BF-B67D-06EAB1B3EDB5.jpg?v=1780174876
dallas-earrings-14k-dipped,Dallas Earrings- 14K Dipped,Moon Ridge Hats and Heritage,gid://shopify/MediaImage/43669706768688,,Moon Ridge Dallas Earrings- 14K Dipped,https://cdn.shopify.com/s/files/1/0885/7180/6000/files/0A2D9727-B489-4625-AC4A-7262EB571E4D.jpg?v=1780174735
desert-tan,Stretchy Travel Shoelaces By Bread - Desert Tan,Bread,gid://shopify/MediaImage/42954872357168,,Stretchy Travel Shoelaces By Bread Desert Tan,https://cdn.shopify.com/s/files/1/0885/7180/6000/files/IMG-5040.jpg?v=1772171622
desert-tan,Stretchy Travel Shoelaces By Bread - Desert Tan,Bread,gid://shopify/MediaImage/42954872389936,,"Stretchy Travel Shoelaces By Bread Desert Tan, another angle",https://cdn.shopify.com/s/files/1/0885/7180/6000/files/ChatGPTImageJan20_2026_01_05_43PM.jpg?v=1772171622
desert-tan,Stretchy Travel Shoelaces By Bread - Desert Tan,Bread,gid://shopify/MediaImage/42954872422704,,Stretchy Travel Shoelaces By Bread Desert Tan,https://cdn.shopify.com/s/files/1/0885/7180/6000/files/SandTanLINK.jpg?v=1772171622
desert-tan,Stretchy Travel Shoelaces By Bread - Desert Tan,Bread,gid://shopify/MediaImage/42954872455472,,Stretchy Travel Shoelaces By Bread Desert Tan,https://cdn.shopify.com/s/files/1/0885/7180/6000/files/NewSize_4.jpg?v=1772171622
desert-tan,Stretchy Travel Shoelaces By Bread - Desert Tan,Bread,gid://shopify/MediaImage/42954872488240,,Stretchy Travel Shoelaces By Bread Desert Tan,https://cdn.shopify.com/s/files/1/0885/7180/6000/files/1_2a443d9e-00ab-4f2f-a344-38410aaa2d9a.jpg?v=1772171622
desert-tan,Stretchy Travel Shoelaces By Bread - Desert Tan,Bread,gid://shopify/MediaImage/42954872521008,,Stretchy Travel Shoelaces By Bread Desert Tan,https://cdn.shopify.com/s/files/1/0885/7180/6000/files/2_9f5bff44-226c-4e79-b5d4-a3381cb64789.jpg?v=1772171622
desert-tan,Stretchy Travel Shoelaces By Bread - Desert Tan,Bread,gid://shopify/MediaImage/42954872553776,,Stretchy Travel Shoelaces By Bread Desert Tan,https://cdn.shopify.com/s/files/1/0885/7180/6000/files/UntitledProject_48.jpg?v=1772171622
charcoal-grey,Stretchy Travel Shoelaces By Bread - Charcoal Grey,Bread,gid://shopify/MediaImage/42954872684848,,Stretchy Travel Shoelaces By Bread Charcoal Grey,https://cdn.shopify.com/s/files/1/0885/7180/6000/files/ChatGPTImageJan20_2026_01_31_27PM.jpg?v=1772171627
charcoal-grey,Stretchy Travel Shoelaces By Bread - Charcoal Grey,Bread,gid://shopify/MediaImage/42954872717616,,"Stretchy Travel Shoelaces By Bread Charcoal Grey, another angle",https://cdn.shopify.com/s/files/1/0885/7180/6000/files/CharcoalGrey.png?v=1772171627
charcoal-grey,Stretchy Travel Shoelaces By Bread - Charcoal Grey,Bread,gid://shopify/MediaImage/42954872750384,,Stretchy Travel Shoelaces By Bread Charcoal Grey,https://cdn.shopify.com/s/files/1/0885/7180/6000/files/A627471F-4EEB-44D4-9A59-4F2882C64B00.jpg?v=1772171627
charcoal-grey,Stretchy Travel Shoelaces By Bread - Charcoal Grey,Bread,gid://shopify/MediaImage/42954872783152,,Stretchy Travel Shoelaces By Bread Charcoal Grey,https://cdn.shopify.com/s/files/1/0885/7180/6000/files/36_7d518241-f391-4d61-ba76-d2eb2901976d.jpg?v=1772171627
charcoal-grey,Stretchy Travel Shoelaces By Bread - Charcoal Grey,Bread,gid://shopify/MediaImage/42954872815920,,Stretchy Travel Shoelaces By Bread Charcoal Grey,https://cdn.shopify.com/s/files/1/0885/7180/6000/files/45_6f8f36f4-caeb-4008-8771-73be345a9734.jpg?v=1772171628
charcoal-grey,Stretchy Travel Shoelaces By Bread - Charcoal Grey,Bread,gid://shopify/MediaImage/42954872848688,,Stretchy Travel Shoelaces By Bread Charcoal Grey,https://cdn.shopify.com/s/files/1/0885/7180/6000/files/54_45ff3953-c7d8-47b6-8c50-749845da96c8.jpg?v=1772171628
charcoal-grey,Stretchy Travel Shoelaces By Bread - Charcoal Grey,Bread,gid://shopify/MediaImage/42954872881456,,Stretchy Travel Shoelaces By Bread Charcoal Grey,https://cdn.shopify.com/s/files/1/0885/7180/6000/files/NewSize_4_fe97b87d-cea8-4118-b9bd-752fa691f06a.jpg?v=1772171627
shadow-black,Stretchy Travel Shoelaces By Bread - Shadow Black,Bread,gid://shopify/MediaImage/42954872914224,,Stretchy Travel Shoelaces By Bread Shadow Black,https://cdn.shopify.com/s/files/1/0885/7180/6000/files/1stphotoShadowBlack.jpg?v=1772171628
shadow-black,Stretchy Travel Shoelaces By Bread - Shadow Black,Bread,gid://shopify/MediaImage/42954872946992,,"Stretchy Travel Shoelaces By Bread Shadow Black, another angle",https://cdn.shopify.com/s/files/1/0885/7180/6000/files/Untitleddesign_85.jpg?v=1772171628
shadow-black,Stretchy Travel Shoelaces By Bread - Shadow Black,Bread,gid://shopify/MediaImage/42954872979760,,Stretchy Travel Shoelaces By Bread Shadow Black,https://cdn.shopify.com/s/files/1/0885/7180/6000/files/27_classic.jpg?v=1772171628
shadow-black,Stretchy Travel Shoelaces By Bread - Shadow Black,Bread,gid://shopify/MediaImage/42954873012528,,Stretchy Travel Shoelaces By Bread Shadow Black,https://cdn.shopify.com/s/files/1/0885/7180/6000/files/27XT.jpg?v=1772171628
shadow-black,Stretchy Travel Shoelaces By Bread - Shadow Black,Bread,gid://shopify/MediaImage/42954873045296,,Stretchy Travel Shoelaces By Bread Shadow Black,https://cdn.shopify.com/s/files/1/0885/7180/6000/files/36_classic.jpg?v=1772171628
shadow-black,Stretchy Travel Shoelaces By Bread - Shadow Black,Bread,gid://shopify/MediaImage/42954873078064,,Stretchy Travel Shoelaces By Bread Shadow Black,https://cdn.shopify.com/s/files/1/0885/7180/6000/files/36_Sparkly.jpg?v=1772171629
shadow-black,Stretchy Travel Shoelaces By Bread - Shadow Black,Bread,gid://shopify/MediaImage/42954873110832,,Stretchy Travel Shoelaces By Bread Shadow Black,https://cdn.shopify.com/s/files/1/0885/7180/6000/files/45_classic.jpg?v=1772171628
shadow-black,Stretchy Travel Shoelaces By Bread - Shadow Black,Bread,gid://shopify/MediaImage/42954873143600,,Stretchy Travel Shoelaces By Bread Shadow Black,https://cdn.shopify.com/s/files/1/0885/7180/6000/files/45_Sparkly.jpg?v=1772171628
shadow-black,Stretchy Travel Shoelaces By Bread - Shadow Black,Bread,gid://shopify/MediaImage/42954873176368,,Stretchy Travel Shoelaces By Bread Shadow Black,https://cdn.shopify.com/s/files/1/0885/7180/6000/files/54_classic.jpg?v=1772171628
shadow-black,Stretchy Travel Shoelaces By Bread - Shadow Black,Bread,gid://shopify/MediaImage/42954873209136,,Stretchy Travel Shoelaces By Bread Shadow Black,https://cdn.shopify.com/s/files/1/0885/7180/6000/files/54Xtra.jpg?v=1772171628
shadow-black,Stretchy Travel Shoelaces By Bread - Shadow Black,Bread,gid://shopify/MediaImage/42954873241904,,Stretchy Travel Shoelaces By Bread Shadow Black,https://cdn.shopify.com/s/files/1/0885/7180/6000/files/54_Sparkly.jpg?v=1772171628
shadow-black,Stretchy Travel Shoelaces By Bread - Shadow Black,Bread,gid://shopify/MediaImage/42954873274672,,Stretchy Travel Shoelaces By Bread Shadow Black,https://cdn.shopify.com/s/files/1/0885/7180/6000/files/63_classic.jpg?v=1772171628
shadow-black,Stretchy Travel Shoelaces By Bread - Shadow Black,Bread,gid://shopify/MediaImage/42954873307440,,Stretchy Travel Shoelaces By Bread Shadow Black,https://cdn.shopify.com/s/files/1/0885/7180/6000/files/63XT.jpg?v=1772171628
shadow-black,Stretchy Travel Shoelaces By Bread - Shadow Black,Bread,gid://shopify/MediaImage/42954873340208,,Stretchy Travel Shoelaces By Bread Shadow Black,https://cdn.shopify.com/s/files/1/0885/7180/6000/files/63_Sparkly.jpg?v=1772171628
shadow-black,Stretchy Travel Shoelaces By Bread - Shadow Black,Bread,gid://shopify/MediaImage/42954873372976,,Stretchy Travel Shoelaces By Bread Shadow Black,https://cdn.shopify.com/s/files/1/0885/7180/6000/files/72_classic.jpg?v=1772171628
shadow-black,Stretchy Travel Shoelaces By Bread - Shadow Black,Bread,gid://shopify/MediaImage/42954873405744,,Stretchy Travel Shoelaces By Bread Shadow Black,https://cdn.shopify.com/s/files/1/0885/7180/6000/files/96_classic.jpg?v=1772171628
shadow-black,Stretchy Travel Shoelaces By Bread - Shadow Black,Bread,gid://shopify/MediaImage/42954873438512,,Stretchy Travel Shoelaces By Bread Shadow Black,https://cdn.shopify.com/s/files/1/0885/7180/6000/files/120_classic.jpg?v=1772171628
shadow-black,Stretchy Travel Shoelaces By Bread - Shadow Black,Bread,gid://shopify/MediaImage/42954873471280,,Stretchy Travel Shoelaces By Bread Shadow Black,https://cdn.shopify.com/s/files/1/0885/7180/6000/files/IMG_8895_f80d0c31-26ef-47b3-96d0-7a17f1cc8499.jpg?v=1772171628
shadow-black,Stretchy Travel Shoelaces By Bread - Shadow Black,Bread,gid://shopify/MediaImage/42954873504048,,Stretchy Travel Shoelaces By Bread Shadow Black,https://cdn.shopify.com/s/files/1/0885/7180/6000/files/Untitleddesign_83.jpg?v=1772171628
shadow-black,Stretchy Travel Shoelaces By Bread - Shadow Black,Bread,gid://shopify/MediaImage/42954873536816,,Stretchy Travel Shoelaces By Bread Shadow Black,https://cdn.shopify.com/s/files/1/0885/7180/6000/files/Untitleddesign_82.jpg?v=1772171628
shadow-black,Stretchy Travel Shoelaces By Bread - Shadow Black,Bread,gid://shopify/MediaImage/42954873569584,,Stretchy Travel Shoelaces By Bread Shadow Black,https://cdn.shopify.com/s/files/1/0885/7180/6000/files/Untitleddesign_84.jpg?v=1772171628
shadow-black,Stretchy Travel Shoelaces By Bread - Shadow Black,Bread,gid://shopify/MediaImage/42954873602352,,Stretchy Travel Shoelaces By Bread Shadow Black,https://cdn.shopify.com/s/files/1/0885/7180/6000/files/NewSize_4_1d75d0ef-c8e5-4817-9314-71c7c7ab4afd.jpg?v=1772171628
luxe-creme,Stretchy Travel Shoelaces By Bread - Luxe Creme,Bread,gid://shopify/MediaImage/42954873635120,,Stretchy Travel Shoelaces By Bread Luxe Creme,https://cdn.shopify.com/s/files/1/0885/7180/6000/files/1stphotoluxeCreme.jpg?v=1772171628
luxe-creme,Stretchy Travel Shoelaces By Bread - Luxe Creme,Bread,gid://shopify/MediaImage/42954873667888,,"Stretchy Travel Shoelaces By Bread Luxe Creme, another angle",https://cdn.shopify.com/s/files/1/0885/7180/6000/files/Untitleddesign_42.png?v=1772171628
luxe-creme,Stretchy Travel Shoelaces By Bread - Luxe Creme,Bread,gid://shopify/MediaImage/42954873700656,,Stretchy Travel Shoelaces By Bread Luxe Creme,https://cdn.shopify.com/s/files/1/0885/7180/6000/files/Untitleddesign_97.jpg?v=1772171628
luxe-creme,Stretchy Travel Shoelaces By Bread - Luxe Creme,Bread,gid://shopify/MediaImage/42954873733424,,Stretchy Travel Shoelaces By Bread Luxe Creme,https://cdn.shopify.com/s/files/1/0885/7180/6000/files/WELCOME1_21_3.jpg?v=1772171628
luxe-creme,Stretchy Travel Shoelaces By Bread - Luxe Creme,Bread,gid://shopify/MediaImage/42954873766192,,Stretchy Travel Shoelaces By Bread Luxe Creme,https://cdn.shopify.com/s/files/1/0885/7180/6000/files/Untitleddesign_73.jpg?v=1772171628
luxe-creme,Stretchy Travel Shoelaces By Bread - Luxe Creme,Bread,gid://shopify/MediaImage/42954873798960,,Stretchy Travel Shoelaces By Bread Luxe Creme,https://cdn.shopify.com/s/files/1/0885/7180/6000/files/Untitleddesign_74.jpg?v=1772171628
luxe-creme,Stretchy Travel Shoelaces By Bread - Luxe Creme,Bread,gid://shopify/MediaImage/42954873831728,,Stretchy Travel Shoelaces By Bread Luxe Creme,https://cdn.shopify.com/s/files/1/0885/7180/6000/files/CreamConverse-3.jpg?v=1772171628
luxe-creme,Stretchy Travel Shoelaces By Bread - Luxe Creme,Bread,gid://shopify/MediaImage/42954873864496,,Stretchy Travel Shoelaces By Bread Luxe Creme,https://cdn.shopify.com/s/files/1/0885/7180/6000/files/27_afb19eba-6642-491b-bd78-7a0a79c40a3f.jpg?v=1772171628
luxe-creme,Stretchy Travel Shoelaces By Bread - Luxe Creme,Bread,gid://shopify/MediaImage/42954873897264,,Stretchy Travel Shoelaces By Bread Luxe Creme,https://cdn.shopify.com/s/files/1/0885/7180/6000/files/36_27512da1-09fe-4576-92d0-c6f7e0963849.jpg?v=1772171628
luxe-creme,Stretchy Travel Shoelaces By Bread - Luxe Creme,Bread,gid://shopify/MediaImage/42954873930032,,Stretchy Travel Shoelaces By Bread Luxe Creme,https://cdn.shopify.com/s/files/1/0885/7180/6000/files/45_5778c818-5d27-48ab-b4f6-4cb3441bdce1.jpg?v=1772171628
luxe-creme,Stretchy Travel Shoelaces By Bread - Luxe Creme,Bread,gid://shopify/MediaImage/42954873962800,,Stretchy Travel Shoelaces By Bread Luxe Creme,https://cdn.shopify.com/s/files/1/0885/7180/6000/files/54_5556b5de-1608-4175-8829-40b237d0dc6a.jpg?v=1772171628
luxe-creme,Stretchy Travel Shoelaces By Bread - Luxe Creme,Bread,gid://shopify/MediaImage/42954873995568,,Stretchy Travel Shoelaces By Bread Luxe Creme,https://cdn.shopify.com/s/files/1/0885/7180/6000/files/63_fa460eb5-9c80-49d9-83fe-ad2f0b88679d.jpg?v=1772171628
luxe-creme,Stretchy Travel Shoelaces By Bread - Luxe Creme,Bread,gid://shopify/MediaImage/42954874028336,,Stretchy Travel Shoelaces By Bread Luxe Creme,https://cdn.shopify.com/s/files/1/0885/7180/6000/files/72_7e3894aa-5d4c-46bb-a8be-53afff3d29fe.jpg?v=1772171628
luxe-creme,Stretchy Travel Shoelaces By Bread - Luxe Creme,Bread,gid://shopify/MediaImage/42954874061104,,Stretchy Travel Shoelaces By Bread Luxe Creme,https://cdn.shopify.com/s/files/1/0885/7180/6000/files/96_f7bd6ffa-b7f7-4e93-ba82-97d94c147b9e.jpg?v=1772171628
luxe-creme,Stretchy Travel Shoelaces By Bread - Luxe Creme,Bread,gid://shopify/MediaImage/42954874093872,,Stretchy Travel Shoelaces By Bread Luxe Creme,https://cdn.shopify.com/s/files/1/0885/7180/6000/files/120_c85d78a2-f520-4e1b-b4e8-b54ea149664a.jpg?v=1772171628
luxe-creme,Stretchy Travel Shoelaces By Bread - Luxe Creme,Bread,gid://shopify/MediaImage/42954874126640,,Stretchy Travel Shoelaces By Bread Luxe Creme,https://cdn.shopify.com/s/files/1/0885/7180/6000/files/NewSize_4_1a09cf3f-7938-4b84-b202-ec2b7fe6f695.jpg?v=1772171628
vulture-gray,Stretchy Travel Shoelaces By Bread - Vulture Gray,Bread,gid://shopify/MediaImage/42954874159408,,Stretchy Travel Shoelaces By Bread Vulture Gray,https://cdn.shopify.com/s/files/1/0885/7180/6000/files/1stPhotoVultureGray.jpg?v=1772171629
vulture-gray,Stretchy Travel Shoelaces By Bread - Vulture Gray,Bread,gid://shopify/MediaImage/42954874192176,,"Stretchy Travel Shoelaces By Bread Vulture Gray, another angle",https://cdn.shopify.com/s/files/1/0885/7180/6000/files/40.jpg?v=1772171628
vulture-gray,Stretchy Travel Shoelaces By Bread - Vulture Gray,Bread,gid://shopify/MediaImage/42954874224944,,Stretchy Travel Shoelaces By Bread Vulture Gray,https://cdn.shopify.com/s/files/1/0885/7180/6000/files/27_f0eda927-6ed3-4f9d-bd65-7cc029d2158f.jpg?v=1772171628
vulture-gray,Stretchy Travel Shoelaces By Bread - Vulture Gray,Bread,gid://shopify/MediaImage/42954874257712,,Stretchy Travel Shoelaces By Bread Vulture Gray,https://cdn.shopify.com/s/files/1/0885/7180/6000/files/27XT_064874de-91a8-455c-bc17-cfa729a30403.jpg?v=1772171628
vulture-gray,Stretchy Travel Shoelaces By Bread - Vulture Gray,Bread,gid://shopify/MediaImage/42954874290480,,Stretchy Travel Shoelaces By Bread Vulture Gray,https://cdn.shopify.com/s/files/1/0885/7180/6000/files/36_29204b0a-514c-4c9b-a68b-54bdccfd0008.jpg?v=1772171628
vulture-gray,Stretchy Travel Shoelaces By Bread - Vulture Gray,Bread,gid://shopify/MediaImage/42954874323248,,Stretchy Travel Shoelaces By Bread Vulture Gray,https://cdn.shopify.com/s/files/1/0885/7180/6000/files/45_90ee3ddb-a840-431d-ad5f-b36c7d759ebf.jpg?v=1772171628
vulture-gray,Stretchy Travel Shoelaces By Bread - Vulture Gray,Bread,gid://shopify/MediaImage/42954874356016,,Stretchy Travel Shoelaces By Bread Vulture Gray,https://cdn.shopify.com/s/files/1/0885/7180/6000/files/54_bbbcdf4e-9476-4df2-87b3-ee3046dd80e3.jpg?v=1772171628
vulture-gray,Stretchy Travel Shoelaces By Bread - Vulture Gray,Bread,gid://shopify/MediaImage/42954874388784,,Stretchy Travel Shoelaces By Bread Vulture Gray,https://cdn.shopify.com/s/files/1/0885/7180/6000/files/63_d60b65a6-e30a-4c54-9421-febc56b30ec4.jpg?v=1772171628
vulture-gray,Stretchy Travel Shoelaces By Bread - Vulture Gray,Bread,gid://shopify/MediaImage/42954874421552,,Stretchy Travel Shoelaces By Bread Vulture Gray,https://cdn.shopify.com/s/files/1/0885/7180/6000/files/72_96702a58-1e49-431b-9c48-f4267fdfc768.jpg?v=1772171628
vulture-gray,Stretchy Travel Shoelaces By Bread - Vulture Gray,Bread,gid://shopify/MediaImage/42954874454320,,Stretchy Travel Shoelaces By Bread Vulture Gray,https://cdn.shopify.com/s/files/1/0885/7180/6000/files/96_bcc88867-8339-4af0-8e75-f09c88bd3f88.jpg?v=1772171628
vulture-gray,Stretchy Travel Shoelaces By Bread - Vulture Gray,Bread,gid://shopify/MediaImage/42954874487088,,Stretchy Travel Shoelaces By Bread Vulture Gray,https://cdn.shopify.com/s/files/1/0885/7180/6000/files/Untitleddesign_67.jpg?v=1772171628
vulture-gray,Stretchy Travel Shoelaces By Bread - Vulture Gray,Bread,gid://shopify/MediaImage/42954874519856,,Stretchy Travel Shoelaces By Bread Vulture Gray,https://cdn.shopify.com/s/files/1/0885/7180/6000/files/Untitleddesign_66.jpg?v=1772171628
vulture-gray,Stretchy Travel Shoelaces By Bread - Vulture Gray,Bread,gid://shopify/MediaImage/42954874552624,,Stretchy Travel Shoelaces By Bread Vulture Gray,https://cdn.shopify.com/s/files/1/0885/7180/6000/files/Untitleddesign_64_d1bf5efc-5753-4459-9190-906fdcfa440d.jpg?v=1772171628
vulture-gray,Stretchy Travel Shoelaces By Bread - Vulture Gray,Bread,gid://shopify/MediaImage/42954874585392,,Stretchy Travel Shoelaces By Bread Vulture Gray,https://cdn.shopify.com/s/files/1/0885/7180/6000/files/Untitleddesign_65.jpg?v=1772171628
vulture-gray,Stretchy Travel Shoelaces By Bread - Vulture Gray,Bread,gid://shopify/MediaImage/42954874618160,,Stretchy Travel Shoelaces By Bread Vulture Gray,https://cdn.shopify.com/s/files/1/0885/7180/6000/files/NewSize_4_cad9a974-f529-47f9-b22e-f5fbfd66ab66.jpg?v=1772171628
vulture-gray,Stretchy Travel Shoelaces By Bread - Vulture Gray,Bread,gid://shopify/MediaImage/42954874650928,,Stretchy Travel Shoelaces By Bread Vulture Gray,https://cdn.shopify.com/s/files/1/0885/7180/6000/files/1_48b5a627-3eba-4449-9966-bd4a4812a82d.jpg?v=1772171628
cosmic-purple,Stretchy Travel Shoelaces By Bread - Cosmic Purple,Bread,gid://shopify/MediaImage/42954874683696,,Stretchy Travel Shoelaces By Bread Cosmic Purple,https://cdn.shopify.com/s/files/1/0885/7180/6000/files/1stPhotoCosmicPurple_1.jpg?v=1772171628
cosmic-purple,Stretchy Travel Shoelaces By Bread - Cosmic Purple,Bread,gid://shopify/MediaImage/42954874716464,,"Stretchy Travel Shoelaces By Bread Cosmic Purple, another angle",https://cdn.shopify.com/s/files/1/0885/7180/6000/files/Untitleddesign_92.jpg?v=1772171628
cosmic-purple,Stretchy Travel Shoelaces By Bread - Cosmic Purple,Bread,gid://shopify/MediaImage/42954874749232,,Stretchy Travel Shoelaces By Bread Cosmic Purple,https://cdn.shopify.com/s/files/1/0885/7180/6000/files/IMG_8889_719eb1da-1f1a-400d-9ce1-20a87abe32cb.jpg?v=1772171628
cosmic-purple,Stretchy Travel Shoelaces By Bread - Cosmic Purple,Bread,gid://shopify/MediaImage/42954874782000,,Stretchy Travel Shoelaces By Bread Cosmic Purple,https://cdn.shopify.com/s/files/1/0885/7180/6000/files/3copy.jpg?v=1772171628
cosmic-purple,Stretchy Travel Shoelaces By Bread - Cosmic Purple,Bread,gid://shopify/MediaImage/42954874814768,,Stretchy Travel Shoelaces By Bread Cosmic Purple,https://cdn.shopify.com/s/files/1/0885/7180/6000/files/96_fcc32642-e2ff-4bca-9b99-1dd3e9b5a92c.jpg?v=1772171628
cosmic-purple,Stretchy Travel Shoelaces By Bread - Cosmic Purple,Bread,gid://shopify/MediaImage/42954874847536,,Stretchy Travel Shoelaces By Bread Cosmic Purple,https://cdn.shopify.com/s/files/1/0885/7180/6000/files/27_e4a17a62-3bb5-4552-a322-ea062d815e3f.jpg?v=1772171628
cosmic-purple,Stretchy Travel Shoelaces By Bread - Cosmic Purple,Bread,gid://shopify/MediaImage/42954874880304,,Stretchy Travel Shoelaces By Bread Cosmic Purple,https://cdn.shopify.com/s/files/1/0885/7180/6000/files/27XT_e577fd7d-113b-4896-9ea4-2b5438f2a447.jpg?v=1772171628
cosmic-purple,Stretchy Travel Shoelaces By Bread - Cosmic Purple,Bread,gid://shopify/MediaImage/42954874913072,,Stretchy Travel Shoelaces By Bread Cosmic Purple,https://cdn.shopify.com/s/files/1/0885/7180/6000/files/36_4aa8abe3-ec94-4bfb-b906-baba5c7e62a2.jpg?v=1772171628
cosmic-purple,Stretchy Travel Shoelaces By Bread - Cosmic Purple,Bread,gid://shopify/MediaImage/42954874945840,,Stretchy Travel Shoelaces By Bread Cosmic Purple,https://cdn.shopify.com/s/files/1/0885/7180/6000/files/36XT_48dc332e-72b9-47ff-8e81-718d0effccce.jpg?v=1772171628
cosmic-purple,Stretchy Travel Shoelaces By Bread - Cosmic Purple,Bread,gid://shopify/MediaImage/42954874978608,,Stretchy Travel Shoelaces By Bread Cosmic Purple,https://cdn.shopify.com/s/files/1/0885/7180/6000/files/45_56762fb5-6f53-4eca-a0fc-ddc9149c45b4.jpg?v=1772171628
cosmic-purple,Stretchy Travel Shoelaces By Bread - Cosmic Purple,Bread,gid://shopify/MediaImage/42954875011376,,Stretchy Travel Shoelaces By Bread Cosmic Purple,https://cdn.shopify.com/s/files/1/0885/7180/6000/files/54_86d0d32b-c297-433f-a5ba-f877fa99922f.jpg?v=1772171628
cosmic-purple,Stretchy Travel Shoelaces By Bread - Cosmic Purple,Bread,gid://shopify/MediaImage/42954875044144,,Stretchy Travel Shoelaces By Bread Cosmic Purple,https://cdn.shopify.com/s/files/1/0885/7180/6000/files/63_3a792a7c-1f84-43cf-967f-bcb4d73e6493.jpg?v=1772171628
cosmic-purple,Stretchy Travel Shoelaces By Bread - Cosmic Purple,Bread,gid://shopify/MediaImage/42954875076912,,Stretchy Travel Shoelaces By Bread Cosmic Purple,https://cdn.shopify.com/s/files/1/0885/7180/6000/files/72_014e15bf-ce59-4bff-8e8b-3dc3f6b0887d.jpg?v=1772171628
cosmic-purple,Stretchy Travel Shoelaces By Bread - Cosmic Purple,Bread,gid://shopify/MediaImage/42954875109680,,Stretchy Travel Shoelaces By Bread Cosmic Purple,https://cdn.shopify.com/s/files/1/0885/7180/6000/files/120_318dfb6e-39e5-46d5-8d07-39cc2aef92c4.jpg?v=1772171628
cosmic-purple,Stretchy Travel Shoelaces By Bread - Cosmic Purple,Bread,gid://shopify/MediaImage/42954875142448,,Stretchy Travel Shoelaces By Bread Cosmic Purple,https://cdn.shopify.com/s/files/1/0885/7180/6000/files/NewSize_4_beeaf6c8-974e-4a18-9c57-30163245bbfe.jpg?v=1772171628
pretty-pink,Stretchy Travel Shoelaces By Bread - Pretty Pink,Bread,gid://shopify/MediaImage/42954875175216,,Stretchy Travel Shoelaces By Bread Pretty Pink,https://cdn.shopify.com/s/files/1/0885/7180/6000/files/PrettyPink.jpg?v=1772171628
pretty-pink,Stretchy Travel Shoelaces By Bread - Pretty Pink,Bread,gid://shopify/MediaImage/42954875207984,,"Stretchy Travel Shoelaces By Bread Pretty Pink, another angle",https://cdn.shopify.com/s/files/1/0885/7180/6000/files/UntitledProject_46.jpg?v=1772171628
pretty-pink,Stretchy Travel Shoelaces By Bread - Pretty Pink,Bread,gid://shopify/MediaImage/42954875240752,,Stretchy Travel Shoelaces By Bread Pretty Pink,https://cdn.shopify.com/s/files/1/0885/7180/6000/files/27_5adcbd39-a814-41da-adb3-c8b4ae0f9ce3.jpg?v=1772171628
pretty-pink,Stretchy Travel Shoelaces By Bread - Pretty Pink,Bread,gid://shopify/MediaImage/42954875273520,,Stretchy Travel Shoelaces By Bread Pretty Pink,https://cdn.shopify.com/s/files/1/0885/7180/6000/files/27_Sparkle_09980776-16b8-4ff5-8408-335fee4d75bd.jpg?v=1772171628
pretty-pink,Stretchy Travel Shoelaces By Bread - Pretty Pink,Bread,gid://shopify/MediaImage/42954875306288,,Stretchy Travel Shoelaces By Bread Pretty Pink,https://cdn.shopify.com/s/files/1/0885/7180/6000/files/27XT_38f6e264-9cfd-4327-be7d-ddc602c17104.jpg?v=1772171628
pretty-pink,Stretchy Travel Shoelaces By Bread - Pretty Pink,Bread,gid://shopify/MediaImage/42954875339056,,Stretchy Travel Shoelaces By Bread Pretty Pink,https://cdn.shopify.com/s/files/1/0885/7180/6000/files/36_39ffcac1-652a-4ddf-a3ed-333263ad11ee.jpg?v=1772171628
pretty-pink,Stretchy Travel Shoelaces By Bread - Pretty Pink,Bread,gid://shopify/MediaImage/42954875371824,,Stretchy Travel Shoelaces By Bread Pretty Pink,https://cdn.shopify.com/s/files/1/0885/7180/6000/files/36_Sparkly_7c7c06eb-4218-42ef-b5e0-f605f285fef7.jpg?v=1772171628
pretty-pink,Stretchy Travel Shoelaces By Bread - Pretty Pink,Bread,gid://shopify/MediaImage/42954875404592,,Stretchy Travel Shoelaces By Bread Pretty Pink,https://cdn.shopify.com/s/files/1/0885/7180/6000/files/36XT_8c09053c-9d8e-4a55-ad4f-cc90ffec9e80.jpg?v=1772171628
pretty-pink,Stretchy Travel Shoelaces By Bread - Pretty Pink,Bread,gid://shopify/MediaImage/42954875437360,,Stretchy Travel Shoelaces By Bread Pretty Pink,https://cdn.shopify.com/s/files/1/0885/7180/6000/files/45_a4703861-b87e-4bfc-834e-6857e54e5a80.jpg?v=1772171628
pretty-pink,Stretchy Travel Shoelaces By Bread - Pretty Pink,Bread,gid://shopify/MediaImage/42954875470128,,Stretchy Travel Shoelaces By Bread Pretty Pink,https://cdn.shopify.com/s/files/1/0885/7180/6000/files/F347954F-71F7-4DF3-8806-9DFE56B95499.jpg?v=1772171628
pretty-pink,Stretchy Travel Shoelaces By Bread - Pretty Pink,Bread,gid://shopify/MediaImage/42954875502896,,Stretchy Travel Shoelaces By Bread Pretty Pink,https://cdn.shopify.com/s/files/1/0885/7180/6000/files/54_eba087a0-6fdc-4a65-b732-75c304c8bc2c.jpg?v=1772171628
pretty-pink,Stretchy Travel Shoelaces By Bread - Pretty Pink,Bread,gid://shopify/MediaImage/42954875535664,,Stretchy Travel Shoelaces By Bread Pretty Pink,https://cdn.shopify.com/s/files/1/0885/7180/6000/files/63_7b1fa87f-c046-46b7-9841-81071f203542.jpg?v=1772171628
pretty-pink,Stretchy Travel Shoelaces By Bread - Pretty Pink,Bread,gid://shopify/MediaImage/42954875568432,,Stretchy Travel Shoelaces By Bread Pretty Pink,https://cdn.shopify.com/s/files/1/0885/7180/6000/files/63XT_da3c272d-e260-4cf7-bf18-c5068ab9b115.jpg?v=1772171628
pretty-pink,Stretchy Travel Shoelaces By Bread - Pretty Pink,Bread,gid://shopify/MediaImage/42954875601200,,Stretchy Travel Shoelaces By Bread Pretty Pink,https://cdn.shopify.com/s/files/1/0885/7180/6000/files/72_9f94c446-41bd-4d58-8d7d-e645a354284d.jpg?v=1772171628
pretty-pink,Stretchy Travel Shoelaces By Bread - Pretty Pink,Bread,gid://shopify/MediaImage/42954875633968,,Stretchy Travel Shoelaces By Bread Pretty Pink,https://cdn.shopify.com/s/files/1/0885/7180/6000/files/96_9ee94826-121c-4752-bf66-f20ffcc1a792.jpg?v=1772171628
pretty-pink,Stretchy Travel Shoelaces By Bread - Pretty Pink,Bread,gid://shopify/MediaImage/42954875666736,,Stretchy Travel Shoelaces By Bread Pretty Pink,https://cdn.shopify.com/s/files/1/0885/7180/6000/files/120_b2bd2f92-08aa-48fe-b4f9-bd7fd4d0d04b.jpg?v=1772171628
pretty-pink,Stretchy Travel Shoelaces By Bread - Pretty Pink,Bread,gid://shopify/MediaImage/42954875699504,,Stretchy Travel Shoelaces By Bread Pretty Pink,https://cdn.shopify.com/s/files/1/0885/7180/6000/files/UntitledProject_47.jpg?v=1772171629
pretty-pink,Stretchy Travel Shoelaces By Bread - Pretty Pink,Bread,gid://shopify/MediaImage/42954875732272,,Stretchy Travel Shoelaces By Bread Pretty Pink,https://cdn.shopify.com/s/files/1/0885/7180/6000/files/NewSize_4_33e5b4b6-ffe6-4454-abb9-3982623182a8.jpg?v=1772171628
rich-brown,Stretchy Travel Shoelaces By Bread - Rich Brown,Bread,gid://shopify/MediaImage/42954875765040,,Stretchy Travel Shoelaces By Bread Rich Brown,https://cdn.shopify.com/s/files/1/0885/7180/6000/files/UntitledProject_44.jpg?v=1772171628
rich-brown,Stretchy Travel Shoelaces By Bread - Rich Brown,Bread,gid://shopify/MediaImage/42954875797808,,"Stretchy Travel Shoelaces By Bread Rich Brown, another angle",https://cdn.shopify.com/s/files/1/0885/7180/6000/files/ChatGPTImageJan20_2026_03_22_55PM.jpg?v=1772171628
rich-brown,Stretchy Travel Shoelaces By Bread - Rich Brown,Bread,gid://shopify/MediaImage/42954875830576,,Stretchy Travel Shoelaces By Bread Rich Brown,https://cdn.shopify.com/s/files/1/0885/7180/6000/files/ChatGPTImageJan30_2026_11_13_25AM.jpg?v=1772171628
rich-brown,Stretchy Travel Shoelaces By Bread - Rich Brown,Bread,gid://shopify/MediaImage/42954875863344,,Stretchy Travel Shoelaces By Bread Rich Brown,https://cdn.shopify.com/s/files/1/0885/7180/6000/files/36_7856a34e-f8ed-440f-b78d-a956b0a64264.jpg?v=1772171628
rich-brown,Stretchy Travel Shoelaces By Bread - Rich Brown,Bread,gid://shopify/MediaImage/42954875896112,,Stretchy Travel Shoelaces By Bread Rich Brown,https://cdn.shopify.com/s/files/1/0885/7180/6000/files/45_9fce6753-7277-421b-a5df-33ca0d414c43.jpg?v=1772171628
rich-brown,Stretchy Travel Shoelaces By Bread - Rich Brown,Bread,gid://shopify/MediaImage/42954875928880,,Stretchy Travel Shoelaces By Bread Rich Brown,https://cdn.shopify.com/s/files/1/0885/7180/6000/files/54_2a0251ad-b0f9-4793-98e6-62bb660e8417.jpg?v=1772171628
rich-brown,Stretchy Travel Shoelaces By Bread - Rich Brown,Bread,gid://shopify/MediaImage/42954875961648,,Stretchy Travel Shoelaces By Bread Rich Brown,https://cdn.shopify.com/s/files/1/0885/7180/6000/files/NewSize_4_947536db-3935-46a3-80dd-3580f08f8c06.jpg?v=1772171628
cloud-white,Stretchy Travel Shoelaces By Bread - Cloud White,Bread,gid://shopify/MediaImage/42954875994416,,Stretchy Travel Shoelaces By Bread Cloud White,https://cdn.shopify.com/s/files/1/0885/7180/6000/files/1stphotoCloudWhite.jpg?v=1772171629
cloud-white,Stretchy Travel Shoelaces By Bread - Cloud White,Bread,gid://shopify/MediaImage/42954876027184,,"Stretchy Travel Shoelaces By Bread Cloud White, another angle",https://cdn.shopify.com/s/files/1/0885/7180/6000/files/Untitleddesign_86.jpg?v=1772171628
cloud-white,Stretchy Travel Shoelaces By Bread - Cloud White,Bread,gid://shopify/MediaImage/42954876059952,,Stretchy Travel Shoelaces By Bread Cloud White,https://cdn.shopify.com/s/files/1/0885/7180/6000/files/unmarkedlacepic_5.png?v=1772171629
cloud-white,Stretchy Travel Shoelaces By Bread - Cloud White,Bread,gid://shopify/MediaImage/42954876092720,,Stretchy Travel Shoelaces By Bread Cloud White,https://cdn.shopify.com/s/files/1/0885/7180/6000/files/White_Converse-5_77553ed1-0a79-46bc-bb2d-1b7bff464bb8.jpg?v=1772171628
cloud-white,Stretchy Travel Shoelaces By Bread - Cloud White,Bread,gid://shopify/MediaImage/42954876125488,,Stretchy Travel Shoelaces By Bread Cloud White,https://cdn.shopify.com/s/files/1/0885/7180/6000/files/NewSize_4_4eec5d6f-8803-44f4-8776-d1cb43c9629a.jpg?v=1772171628
cloud-white,Stretchy Travel Shoelaces By Bread - Cloud White,Bread,gid://shopify/MediaImage/42954876158256,,Stretchy Travel Shoelaces By Bread Cloud White,https://cdn.shopify.com/s/files/1/0885/7180/6000/files/Untitleddesign_89.jpg?v=1772171628
cloud-white,Stretchy Travel Shoelaces By Bread - Cloud White,Bread,gid://shopify/MediaImage/42954876191024,,Stretchy Travel Shoelaces By Bread Cloud White,https://cdn.shopify.com/s/files/1/0885/7180/6000/files/Vans-3.jpg?v=1772171628
cloud-white,Stretchy Travel Shoelaces By Bread - Cloud White,Bread,gid://shopify/MediaImage/42954876223792,,Stretchy Travel Shoelaces By Bread Cloud White,https://cdn.shopify.com/s/files/1/0885/7180/6000/files/Cleats-5.jpg?v=1772171628
cloud-white,Stretchy Travel Shoelaces By Bread - Cloud White,Bread,gid://shopify/MediaImage/42954876256560,,Stretchy Travel Shoelaces By Bread Cloud White,https://cdn.shopify.com/s/files/1/0885/7180/6000/files/WELCOME1_14_2.jpg?v=1772171628
cloud-white,Stretchy Travel Shoelaces By Bread - Cloud White,Bread,gid://shopify/MediaImage/42954876289328,,Stretchy Travel Shoelaces By Bread Cloud White,https://cdn.shopify.com/s/files/1/0885/7180/6000/files/27_8574f5f9-f202-4f1b-83ff-4257f0645c45.jpg?v=1772171629
cloud-white,Stretchy Travel Shoelaces By Bread - Cloud White,Bread,gid://shopify/MediaImage/42954876322096,,Stretchy Travel Shoelaces By Bread Cloud White,https://cdn.shopify.com/s/files/1/0885/7180/6000/files/27_Sparkly_b602279b-6c81-46f0-a950-b94a4471db1a.jpg?v=1772171628
cloud-white,Stretchy Travel Shoelaces By Bread - Cloud White,Bread,gid://shopify/MediaImage/42954876354864,,Stretchy Travel Shoelaces By Bread Cloud White,https://cdn.shopify.com/s/files/1/0885/7180/6000/files/27XT_bde1be0b-2496-408e-a9c9-e382553340d1.jpg?v=1772171628
cloud-white,Stretchy Travel Shoelaces By Bread - Cloud White,Bread,gid://shopify/MediaImage/42954876387632,,Stretchy Travel Shoelaces By Bread Cloud White,https://cdn.shopify.com/s/files/1/0885/7180/6000/files/36_01bc1ee1-a93c-4750-b926-50ad3aec2b85.jpg?v=1772171629
cloud-white,Stretchy Travel Shoelaces By Bread - Cloud White,Bread,gid://shopify/MediaImage/42954876420400,,Stretchy Travel Shoelaces By Bread Cloud White,https://cdn.shopify.com/s/files/1/0885/7180/6000/files/36_0275082a-26c7-4a4e-bd03-ad2f6dac8126.jpg?v=1772171629
cloud-white,Stretchy Travel Shoelaces By Bread - Cloud White,Bread,gid://shopify/MediaImage/42954876453168,,Stretchy Travel Shoelaces By Bread Cloud White,https://cdn.shopify.com/s/files/1/0885/7180/6000/files/36XT_77f06a4d-4361-4e5b-80de-0f173308bb01.jpg?v=1772171628
cloud-white,Stretchy Travel Shoelaces By Bread - Cloud White,Bread,gid://shopify/MediaImage/42954876485936,,Stretchy Travel Shoelaces By Bread Cloud White,https://cdn.shopify.com/s/files/1/0885/7180/6000/files/45_edd45f42-b183-4f9d-9b4f-a4049aa03a21.jpg?v=1772171628
cloud-white,Stretchy Travel Shoelaces By Bread - Cloud White,Bread,gid://shopify/MediaImage/42954876518704,,Stretchy Travel Shoelaces By Bread Cloud White,https://cdn.shopify.com/s/files/1/0885/7180/6000/files/45_9451d0ad-5789-4a7c-91bd-caf35127bb92.jpg?v=1772171629
cloud-white,Stretchy Travel Shoelaces By Bread - Cloud White,Bread,gid://shopify/MediaImage/42954876551472,,Stretchy Travel Shoelaces By Bread Cloud White,https://cdn.shopify.com/s/files/1/0885/7180/6000/files/45XT.jpg?v=1772171629
cloud-white,Stretchy Travel Shoelaces By Bread - Cloud White,Bread,gid://shopify/MediaImage/42954876584240,,Stretchy Travel Shoelaces By Bread Cloud White,https://cdn.shopify.com/s/files/1/0885/7180/6000/files/54_3d022b65-eb07-4c0d-a24e-dd727a829b88.jpg?v=1772171629
cloud-white,Stretchy Travel Shoelaces By Bread - Cloud White,Bread,gid://shopify/MediaImage/42954876617008,,Stretchy Travel Shoelaces By Bread Cloud White,https://cdn.shopify.com/s/files/1/0885/7180/6000/files/54XT.jpg?v=1772171629
cloud-white,Stretchy Travel Shoelaces By Bread - Cloud White,Bread,gid://shopify/MediaImage/42954876649776,,Stretchy Travel Shoelaces By Bread Cloud White,https://cdn.shopify.com/s/files/1/0885/7180/6000/files/54_47b5b127-ca3c-4673-8e22-3ab19d7c48d7.jpg?v=1772171629
cloud-white,Stretchy Travel Shoelaces By Bread - Cloud White,Bread,gid://shopify/MediaImage/42954876682544,,Stretchy Travel Shoelaces By Bread Cloud White,https://cdn.shopify.com/s/files/1/0885/7180/6000/files/63_b48ef312-3407-4056-b129-e7411abaaff2.jpg?v=1772171628
cloud-white,Stretchy Travel Shoelaces By Bread - Cloud White,Bread,gid://shopify/MediaImage/42954876715312,,Stretchy Travel Shoelaces By Bread Cloud White,https://cdn.shopify.com/s/files/1/0885/7180/6000/files/63XT_39562d22-0a6b-416c-ae7b-4f8e849934d0.jpg?v=1772171628
cloud-white,Stretchy Travel Shoelaces By Bread - Cloud White,Bread,gid://shopify/MediaImage/42954876748080,,Stretchy Travel Shoelaces By Bread Cloud White,https://cdn.shopify.com/s/files/1/0885/7180/6000/files/72_9f3264eb-2ef7-42cf-9a86-aeed65af3764.jpg?v=1772171628
cloud-white,Stretchy Travel Shoelaces By Bread - Cloud White,Bread,gid://shopify/MediaImage/42954876780848,,Stretchy Travel Shoelaces By Bread Cloud White,https://cdn.shopify.com/s/files/1/0885/7180/6000/files/96_da3703c0-7b8e-40ad-abc9-5b4fa351fa51.jpg?v=1772171628
cloud-white,Stretchy Travel Shoelaces By Bread - Cloud White,Bread,gid://shopify/MediaImage/42954876813616,,Stretchy Travel Shoelaces By Bread Cloud White,https://cdn.shopify.com/s/files/1/0885/7180/6000/files/120_d3a65674-e614-4530-9c92-f87c71b1d4da.jpg?v=1772171629
goorin-bros-the-freedom-eagle-navy-red-copy,Ariat Saddleback Shield Ballcap,ARIAT,gid://shopify/MediaImage/43171648241968,,"Ariat Saddleback Shield Ballcap, 57% polyester, 43% cotton",https://cdn.shopify.com/s/files/1/0885/7180/6000/files/A300003102_d.png?v=1774238479
goorin-bros-the-freedom-eagle-navy-red-copy,Ariat Saddleback Shield Ballcap,ARIAT,gid://shopify/MediaImage/43171648274736,,"Ariat Saddleback Shield Ballcap, 57% polyester, 43% cotton, another angle",https://cdn.shopify.com/s/files/1/0885/7180/6000/files/A300003102_b.png?v=1774238476
goorin-bros-the-freedom-eagle-navy-red-copy,Ariat Saddleback Shield Ballcap,ARIAT,gid://shopify/MediaImage/43171648307504,,"Ariat Saddleback Shield Ballcap, 57% polyester, 43% cotton",https://cdn.shopify.com/s/files/1/0885/7180/6000/files/A300003102_c.png?v=1774238476
goorin-bros-the-freedom-eagle-navy-red-copy,Ariat Saddleback Shield Ballcap,ARIAT,gid://shopify/MediaImage/43171648340272,,"Ariat Saddleback Shield Ballcap, 57% polyester, 43% cotton",https://cdn.shopify.com/s/files/1/0885/7180/6000/files/A300003102_e.png?v=1774238476
ariat-saddleback-shield-ballcap-copy,Ariat Black Rubber Patch Ballcap,ARIAT,gid://shopify/MediaImage/43635242664240,,"Ariat Black Rubber Patch Ballcap, 100% polyester",https://cdn.shopify.com/s/files/1/0885/7180/6000/files/A300095601_c960d257-89b4-4b68-9e41-8570dcfc5b58.png?v=1779670149
ariat-saddleback-shield-ballcap-copy,Ariat Black Rubber Patch Ballcap,ARIAT,gid://shopify/MediaImage/43635242697008,,"Ariat Black Rubber Patch Ballcap, 100% polyester, another angle",https://cdn.shopify.com/s/files/1/0885/7180/6000/files/A300095601_b_62ae3672-c86c-411e-931f-e95ee04644ae.png?v=1779670149
stetson-sunset-ride,Stetson Sunset Ride,STETSON,gid://shopify/MediaImage/43273430860080,,"Stetson Sunset Ride, 4x buffalo felt fedora in ranch tan",https://cdn.shopify.com/s/files/1/0885/7180/6000/files/SBSSRD-4131D4.png?v=1775585996
stetson-sunset-ride,Stetson Sunset Ride,STETSON,gid://shopify/MediaImage/43273430663472,,"Stetson Sunset Ride, 4x buffalo felt fedora, another angle",https://cdn.shopify.com/s/files/1/0885/7180/6000/files/SBSSRD-4134D4_ALT1.png?v=1775585996
stetson-sunset-ride,Stetson Sunset Ride,STETSON,gid://shopify/MediaImage/43273430696240,,"Stetson Sunset Ride, 4x buffalo felt fedora in ranch tan",https://cdn.shopify.com/s/files/1/0885/7180/6000/files/SBSSRD-4134D4_ALT2.png?v=1775585997
stetson-sunset-ride,Stetson Sunset Ride,STETSON,gid://shopify/MediaImage/43273430729008,,"Stetson Sunset Ride, 4x buffalo felt fedora in ranch tan",https://cdn.shopify.com/s/files/1/0885/7180/6000/files/SBSSRD-4134D4_ALT3_fd4588aa-7f2e-4a27-953e-e98d024d4d61.jpg?v=1775585996
stetson-sunset-ride,Stetson Sunset Ride,STETSON,gid://shopify/MediaImage/43273430761776,,"Stetson Sunset Ride, 4x buffalo felt fedora in ranch tan",https://cdn.shopify.com/s/files/1/0885/7180/6000/files/SBSSRD-4134D4_ALT4_8966e1ea-5f24-4707-8931-4de8b4b9aa90.jpg?v=1775585996
stetson-sunset-ride,Stetson Sunset Ride,STETSON,gid://shopify/MediaImage/43273430794544,,"Stetson Sunset Ride, 4x buffalo felt fedora in ranch tan",https://cdn.shopify.com/s/files/1/0885/7180/6000/files/SBSSRD-4131D4_BAND.png?v=1775585996
stetson-sunset-ride,Stetson Sunset Ride,STETSON,gid://shopify/MediaImage/43273430827312,,"Stetson Sunset Ride, 4x buffalo felt fedora in ranch tan",https://cdn.shopify.com/s/files/1/0885/7180/6000/files/SBSSRD-4134D4_ALT5_8d7e2b8f-d3e2-4065-b8cb-df245b7df3b3.jpg?v=1775585996
lucchese-charles,Lucchese Charles,LUCCHESE,gid://shopify/MediaImage/43350881861936,,"Lucchese Charles, boots",https://cdn.shopify.com/s/files/1/0885/7180/6000/files/image_fd663ff4-a910-4f7f-99b1-34a6af9e51a1.png?v=1776529329
lucchese-charles,Lucchese Charles,LUCCHESE,gid://shopify/MediaImage/43350881894704,,"Lucchese Charles, boots, another angle",https://cdn.shopify.com/s/files/1/0885/7180/6000/files/image_6df8359f-7dc7-47a7-b49a-5af8b4c45330.png?v=1776529329
lucchese-charles,Lucchese Charles,LUCCHESE,gid://shopify/MediaImage/43350881927472,,"Lucchese Charles, boots",https://cdn.shopify.com/s/files/1/0885/7180/6000/files/image_d9cc45e6-2d19-4eef-a006-00376bbfab3c.png?v=1776529329
lucchese-charles,Lucchese Charles,LUCCHESE,gid://shopify/MediaImage/43350881960240,,"Lucchese Charles, boots in black",https://cdn.shopify.com/s/files/1/0885/7180/6000/files/image_1ca56ac0-5155-4f85-8efa-784c3ccea6f3.png?v=1776529329
lucchese-charles,Lucchese Charles,LUCCHESE,gid://shopify/MediaImage/43350881993008,,"Lucchese Charles, boots in black cherry",https://cdn.shopify.com/s/files/1/0885/7180/6000/files/image_15903ab2-bb23-487d-81ae-94527d4aea6d.png?v=1776529329
lucchese-elgin,Lucchese Elgin,LUCCHESE,gid://shopify/MediaImage/43350866297136,,"Lucchese Elgin, boots",https://cdn.shopify.com/s/files/1/0885/7180/6000/files/image_a31b1dfe-51c6-49b5-b627-ab0237f06d22.png?v=1776529189
lucchese-elgin,Lucchese Elgin,LUCCHESE,gid://shopify/MediaImage/43350866329904,,"Lucchese Elgin, boots, another angle",https://cdn.shopify.com/s/files/1/0885/7180/6000/files/image_0889b36c-9141-4ecc-a89c-4087a4341af4.png?v=1776529190
lucchese-elgin,Lucchese Elgin,LUCCHESE,gid://shopify/MediaImage/43350866362672,,"Lucchese Elgin, boots",https://cdn.shopify.com/s/files/1/0885/7180/6000/files/image_c750b26a-1a39-46b5-9076-e50d6e46be83.png?v=1776529189
lucchese-elgin,Lucchese Elgin,LUCCHESE,gid://shopify/MediaImage/43350866395440,,"Lucchese Elgin, boots",https://cdn.shopify.com/s/files/1/0885/7180/6000/files/image_0d55f43d-61ba-4d77-a332-d9d3c04a4e17.png?v=1776529189
lucchese-elgin,Lucchese Elgin,LUCCHESE,gid://shopify/MediaImage/43350866428208,,"Lucchese Elgin, boots",https://cdn.shopify.com/s/files/1/0885/7180/6000/files/image_ec98a4f6-7472-47ab-819a-da02e2b27f36.png?v=1776529189
lucchese-elgin,Lucchese Elgin,LUCCHESE,gid://shopify/MediaImage/43350866460976,,"Lucchese Elgin, boots",https://cdn.shopify.com/s/files/1/0885/7180/6000/files/image_0cbb9d7d-a7ac-4891-88a3-e09d8a021f83.png?v=1776529189
lucchese-elgin,Lucchese Elgin,LUCCHESE,gid://shopify/MediaImage/43350866493744,,"Lucchese Elgin, boots in barnwood",https://cdn.shopify.com/s/files/1/0885/7180/6000/files/image_e44737d5-0869-4ffb-9e4a-957132f9e559.png?v=1776529189
lucchese-elgin,Lucchese Elgin,LUCCHESE,gid://shopify/MediaImage/43350866526512,,"Lucchese Elgin, boots in black cherry",https://cdn.shopify.com/s/files/1/0885/7180/6000/files/image_02dc5ad3-bb29-427b-88d5-096c812759ed.png?v=1776529189
lucchese-elgin,Lucchese Elgin,LUCCHESE,gid://shopify/MediaImage/43350866559280,,"Lucchese Elgin, boots in navy + black",https://cdn.shopify.com/s/files/1/0885/7180/6000/files/image_aafa3a21-d1e5-4048-9516-ffe5c41d04ba.png?v=1776529190
lucchese-elgin-copy,Lucchese Luke,LUCCHESE,gid://shopify/MediaImage/43350824059184,,"Lucchese Luke, boots",https://cdn.shopify.com/s/files/1/0885/7180/6000/files/image_d1acfd1c-ec8a-4aee-887d-27eec3b3b07e.png?v=1776528721
lucchese-elgin-copy,Lucchese Luke,LUCCHESE,gid://shopify/MediaImage/43350824091952,,"Lucchese Luke, boots, another angle",https://cdn.shopify.com/s/files/1/0885/7180/6000/files/image_ca90c224-504b-4203-bd89-9883ebbfa0f1.png?v=1776528721
lucchese-elgin-copy,Lucchese Luke,LUCCHESE,gid://shopify/MediaImage/43350824124720,,"Lucchese Luke, boots",https://cdn.shopify.com/s/files/1/0885/7180/6000/files/image_36795689-1ebb-43f8-8d7c-6f361c677924.png?v=1776528721
lucchese-elgin-copy,Lucchese Luke,LUCCHESE,gid://shopify/MediaImage/43350824157488,,"Lucchese Luke, boots",https://cdn.shopify.com/s/files/1/0885/7180/6000/files/image_27f7443c-de48-4797-a191-0fc214cad1f1.png?v=1776528721
lucchese-elgin-copy,Lucchese Luke,LUCCHESE,gid://shopify/MediaImage/43350824190256,,"Lucchese Luke, boots in black",https://cdn.shopify.com/s/files/1/0885/7180/6000/files/image_45ef65bb-4096-463e-96cb-d5dc1e0a24ea.png?v=1776528721
lucchese-elgin-copy,Lucchese Luke,LUCCHESE,gid://shopify/MediaImage/43350824223024,,"Lucchese Luke, boots in barnwood",https://cdn.shopify.com/s/files/1/0885/7180/6000/files/image_efdd2e56-3cbc-4373-9787-0315b11e27e3.png?v=1776528721
lucchese-bart,Lucchese Bart,LUCCHESE,gid://shopify/MediaImage/43350887760176,,"Lucchese Bart, boots in black",https://cdn.shopify.com/s/files/1/0885/7180/6000/files/image_038f150d-cbf8-4473-bcd6-e97047387fb6.png?v=1776529441
lucchese-bart,Lucchese Bart,LUCCHESE,gid://shopify/MediaImage/43350887727408,,"Lucchese Bart, boots, another angle",https://cdn.shopify.com/s/files/1/0885/7180/6000/files/image_8415a42c-73ff-4011-8d3a-0062023b11c3.png?v=1776529441
lucchese-bart-copy,Lucchese Malcom,LUCCHESE,gid://shopify/MediaImage/43352873763120,,"Lucchese Malcom, boots in chocolate + cafe brown",https://cdn.shopify.com/s/files/1/0885/7180/6000/files/image_680effa8-ff1e-4036-b7c3-edbc063b019f.png?v=1776544601
lucchese-bart-copy,Lucchese Malcom,LUCCHESE,gid://shopify/MediaImage/43352873828656,,"Lucchese Malcom, boots, another angle",https://cdn.shopify.com/s/files/1/0885/7180/6000/files/image_9fca7496-86db-4a59-bf1d-64b73d0695a7.png?v=1776544645
lucchese-bart-copy,Lucchese Malcom,LUCCHESE,gid://shopify/MediaImage/43352873861424,,"Lucchese Malcom, boots in chocolate + cafe brown",https://cdn.shopify.com/s/files/1/0885/7180/6000/files/image_115f0604-2f34-4c13-b05f-e122fdd85627.png?v=1776544645
lucchese-bart-copy,Lucchese Malcom,LUCCHESE,gid://shopify/MediaImage/43352873795888,,"Lucchese Malcom, boots in chocolate + cafe brown",https://cdn.shopify.com/s/files/1/0885/7180/6000/files/image_a66b2195-ee47-4db8-a66f-db3162e3323c.png?v=1776544645
lucchese-priscilla,Lucchese Priscilla Creme,LUCCHESE,gid://shopify/MediaImage/43355874591024,,"Lucchese Priscilla Creme, boots in cream with spice orange",https://cdn.shopify.com/s/files/1/0885/7180/6000/files/image_496b2056-49d5-47fe-aa35-718885b4eae1.png?v=1776611290
lucchese-priscilla,Lucchese Priscilla Creme,LUCCHESE,gid://shopify/MediaImage/43355874623792,,"Lucchese Priscilla Creme, boots, another angle",https://cdn.shopify.com/s/files/1/0885/7180/6000/files/image_2b10cef9-6e08-4f85-a07f-16f3a2c91666.png?v=1776611290
lucchese-priscilla,Lucchese Priscilla Creme,LUCCHESE,gid://shopify/MediaImage/43355874656560,,"Lucchese Priscilla Creme, boots in cream with spice orange",https://cdn.shopify.com/s/files/1/0885/7180/6000/files/image_0021ffca-b3f8-4c87-b92b-ade3821c70fa.png?v=1776611290
lucchese-priscilla,Lucchese Priscilla Creme,LUCCHESE,gid://shopify/MediaImage/43355874820400,,"Lucchese Priscilla Creme, boots in cream with spice orange",https://cdn.shopify.com/s/files/1/0885/7180/6000/files/image_e798dc6f-9b77-4880-b45a-158e05482960.png?v=1776611289
lucchese-priscilla-creme-copy,Lucchese Priscilla Red,LUCCHESE,gid://shopify/MediaImage/43355874689328,,"Lucchese Priscilla Red, boots",https://cdn.shopify.com/s/files/1/0885/7180/6000/files/image_af6c3ac6-4ef4-4bac-ae07-8d5684bd9de9.png?v=1776611290
lucchese-priscilla-creme-copy,Lucchese Priscilla Red,LUCCHESE,gid://shopify/MediaImage/43355874722096,,"Lucchese Priscilla Red, boots, another angle",https://cdn.shopify.com/s/files/1/0885/7180/6000/files/image_f02dc34f-fe32-42b6-8d6c-72d27e24365b.png?v=1776611290
lucchese-priscilla-creme-copy,Lucchese Priscilla Red,LUCCHESE,gid://shopify/MediaImage/43355874754864,,"Lucchese Priscilla Red, boots",https://cdn.shopify.com/s/files/1/0885/7180/6000/files/image_355b1684-97e5-4272-b07a-84a901f28cbe.png?v=1776611290
lucchese-priscilla-creme-copy,Lucchese Priscilla Red,LUCCHESE,gid://shopify/MediaImage/43355874787632,,"Lucchese Priscilla Red, boots",https://cdn.shopify.com/s/files/1/0885/7180/6000/files/image_4d9bef0f-f053-4437-a36a-67248f66342d.png?v=1776611290
lucchese-wyatt-copy,Lucchese Sunset Roper,LUCCHESE,gid://shopify/MediaImage/43431185776944,,"Lucchese Sunset Roper, boots in tan ranch hand",https://cdn.shopify.com/s/files/1/0885/7180/6000/files/image_78f82358-6f62-45d5-a286-bba62c16ca7b.png?v=1777306853
lucchese-wyatt-copy,Lucchese Sunset Roper,LUCCHESE,gid://shopify/MediaImage/43431185809712,,"Lucchese Sunset Roper, boots, another angle",https://cdn.shopify.com/s/files/1/0885/7180/6000/files/image_1fe4800d-c3e8-4a50-8fec-0942861c388c.png?v=1777306853
lucchese-wyatt-copy,Lucchese Sunset Roper,LUCCHESE,gid://shopify/MediaImage/43431185842480,,"Lucchese Sunset Roper, boots in tan ranch hand",https://cdn.shopify.com/s/files/1/0885/7180/6000/files/image_d2d1d30c-5489-4519-ad7a-4b6663542042.png?v=1777306853
lucchese-wyatt-copy,Lucchese Sunset Roper,LUCCHESE,gid://shopify/MediaImage/43431185875248,,"Lucchese Sunset Roper, boots in tan ranch hand",https://cdn.shopify.com/s/files/1/0885/7180/6000/files/image_7f08a614-b838-4b1b-964c-5bd83d215e84.png?v=1777306853
casual-wool-felt-fedora-hat-lash,Casual Wool Felt Fedora Hat Lash,Bigalli Hats USA,gid://shopify/MediaImage/43652981457200,,Bigalli Casual Wool Felt Fedora Hat Lash in khaki wool,https://cdn.shopify.com/s/files/1/0885/7180/6000/files/Bigalli_Hats_Lash_Khaki_P_dd1bbe17-55fc-4ebc-9d1d-a0988f6de78b.jpg?v=1779936786
casual-wool-felt-fedora-hat-lash,Casual Wool Felt Fedora Hat Lash,Bigalli Hats USA,gid://shopify/MediaImage/43652981489968,,Bigalli Casual Wool Felt Fedora Hat Lash,https://cdn.shopify.com/s/files/1/0885/7180/6000/files/Lash-Bigalli.jpg?v=1779936786
casual-wool-felt-fedora-hat-lash,Casual Wool Felt Fedora Hat Lash,Bigalli Hats USA,gid://shopify/MediaImage/43652981522736,,"Bigalli Casual Wool Felt Fedora Hat Lash, another angle",https://cdn.shopify.com/s/files/1/0885/7180/6000/files/Bigalli_Hats_Lash_Khaki_1_f60c7c7c-c761-41ae-ab01-a8ffbceb1611.jpg?v=1779936786
casual-wool-felt-fedora-hat-lash,Casual Wool Felt Fedora Hat Lash,Bigalli Hats USA,gid://shopify/MediaImage/43652981555504,,Bigalli Casual Wool Felt Fedora Hat Lash in khaki,https://cdn.shopify.com/s/files/1/0885/7180/6000/files/Bigalli_Hats_Lash_Khaki_2_78985437-a586-421c-8a35-bc8662efed12.jpg?v=1779936786
casual-wool-felt-fedora-hat-lash,Casual Wool Felt Fedora Hat Lash,Bigalli Hats USA,gid://shopify/MediaImage/43652981588272,,Bigalli Casual Wool Felt Fedora Hat Lash in khaki,https://cdn.shopify.com/s/files/1/0885/7180/6000/files/Bigalli_Hats_Lash_Khaki_3_99db6f83-288c-4b44-a704-9b77d89af59d.jpg?v=1779936786
casual-wool-felt-fedora-hat-lash,Casual Wool Felt Fedora Hat Lash,Bigalli Hats USA,gid://shopify/MediaImage/43652981621040,,Bigalli Casual Wool Felt Fedora Hat Lash in black wool,https://cdn.shopify.com/s/files/1/0885/7180/6000/files/Bigalli_Hats_Lash_Black_P_259eacfe-01d2-40d3-84ca-69f1846d0078.jpg?v=1779936786
casual-wool-felt-fedora-hat-lash,Casual Wool Felt Fedora Hat Lash,Bigalli Hats USA,gid://shopify/MediaImage/43652981653808,,Bigalli Casual Wool Felt Fedora Hat Lash in black,https://cdn.shopify.com/s/files/1/0885/7180/6000/files/Bigalli_Hats_Lash_Black_1_74c52dfc-4b8d-4e50-a3e1-fe1c8404700d.jpg?v=1779936786
casual-wool-felt-fedora-hat-lash,Casual Wool Felt Fedora Hat Lash,Bigalli Hats USA,gid://shopify/MediaImage/43652981686576,,Bigalli Casual Wool Felt Fedora Hat Lash in black,https://cdn.shopify.com/s/files/1/0885/7180/6000/files/Bigalli_Hats_Lash_Black_2_f1ab6291-b1ed-4fbd-8d3a-8aacb0448093.jpg?v=1779936786
casual-wool-felt-fedora-hat-lash,Casual Wool Felt Fedora Hat Lash,Bigalli Hats USA,gid://shopify/MediaImage/43652981719344,,Bigalli Casual Wool Felt Fedora Hat Lash in black,https://cdn.shopify.com/s/files/1/0885/7180/6000/files/Bigalli_Hats_Lash_Black_3_e5a430dd-d2a8-46bf-bce1-06ae27b8a662.jpg?v=1779936786
montecristi-fine-panama-hat-original-classic,Montecristi Fine Panama Hat - Original Classic,Bigalli Hats USA,gid://shopify/MediaImage/43673482985776,,Bigalli Montecristi Fine Panama Hat Original Classic in natural panama,https://cdn.shopify.com/s/files/1/0885/7180/6000/files/Montecristi_2.png?v=1780290129
montecristi-fine-panama-hat-original-classic,Montecristi Fine Panama Hat - Original Classic,Bigalli Hats USA,gid://shopify/MediaImage/43673483018544,,"Bigalli Montecristi Fine Panama Hat Original Classic, another angle",https://cdn.shopify.com/s/files/1/0885/7180/6000/files/montecristi_4_1304f539-a6fd-4b68-a92b-148d15dab7e1.jpg?v=1780290129
montecristi-fine-panama-hat-original-classic,Montecristi Fine Panama Hat - Original Classic,Bigalli Hats USA,gid://shopify/MediaImage/43673483051312,,Bigalli Montecristi Fine Panama Hat Original Classic in natural panama,https://cdn.shopify.com/s/files/1/0885/7180/6000/files/Montecristi_3.png?v=1780290129
montecristi-fine-panama-hat-original-classic,Montecristi Fine Panama Hat - Original Classic,Bigalli Hats USA,gid://shopify/MediaImage/43673483084080,,Bigalli Montecristi Fine Panama Hat Original Classic in natural panama,https://cdn.shopify.com/s/files/1/0885/7180/6000/files/Montecristi_1.png?v=1780290129
classic-panama-hat-by-bigalli,Classic Panama Hat - By Bigalli,Bigalli Hats USA,gid://shopify/MediaImage/43659111465264,,Classic Panama Hat By Bigalli in white,https://cdn.shopify.com/s/files/1/0885/7180/6000/files/Bigalli_Hats_ClassicPanama_White_2_a6fcde7d-4dc1-47c2-94fe-2c14a1265b80.png?v=1780010480
classic-panama-hat-by-bigalli,Classic Panama Hat - By Bigalli,Bigalli Hats USA,gid://shopify/MediaImage/43659111498032,,"Classic Panama Hat By Bigalli, another angle",https://cdn.shopify.com/s/files/1/0885/7180/6000/files/Bigalli_Hats_ClassicPanama_White_1_cd62087c-f817-4f59-a398-6e50da0a6540.png?v=1780010480
classic-panama-hat-by-bigalli,Classic Panama Hat - By Bigalli,Bigalli Hats USA,gid://shopify/MediaImage/43659111530800,,Classic Panama Hat By Bigalli,https://cdn.shopify.com/s/files/1/0885/7180/6000/files/Bigalli-Classic.jpg?v=1780010479
classic-panama-hat-by-bigalli,Classic Panama Hat - By Bigalli,Bigalli Hats USA,gid://shopify/MediaImage/43659111563568,,Classic Panama Hat By Bigalli in white,https://cdn.shopify.com/s/files/1/0885/7180/6000/files/Bigalli_Hats_ClassicPanama_White_3_b6f7e70f-106c-4edc-8827-09ee54d2792e.png?v=1780010480
classic-panama-hat-by-bigalli,Classic Panama Hat - By Bigalli,Bigalli Hats USA,gid://shopify/MediaImage/43659111596336,,Classic Panama Hat By Bigalli in white panama,https://cdn.shopify.com/s/files/1/0885/7180/6000/files/Bigalli_Hats_ClassicPanama_White_P_b6204ec4-7a88-47ff-88a6-790ebc7e964b.png?v=1780010480
classic-panama-hat-by-bigalli,Classic Panama Hat - By Bigalli,Bigalli Hats USA,gid://shopify/MediaImage/43659111629104,,Classic Panama Hat By Bigalli in natural panama,https://cdn.shopify.com/s/files/1/0885/7180/6000/files/Bigalli_Hats_ClassicPanama_Nat_P_9bea75d6-66bc-4529-bd45-fdfaedbc99e2.png?v=1780010480
classic-panama-hat-by-bigalli,Classic Panama Hat - By Bigalli,Bigalli Hats USA,gid://shopify/MediaImage/43659111661872,,Classic Panama Hat By Bigalli in beige panama,https://cdn.shopify.com/s/files/1/0885/7180/6000/files/Bigalli_Hats_ClassicPanam_Beige_P_ce032eef-5113-4fb4-b495-4ec10fc9b0db.png?v=1780010480
puerto-cayo-panama-hat-handwoven,Puerto Cayo Panama Hat - Handwoven,Bigalli Hats USA,gid://shopify/MediaImage/43652983652656,,Bigalli Puerto Cayo Panama Hat Handwoven in white panama,https://cdn.shopify.com/s/files/1/0885/7180/6000/files/Bigalli_Hats_PuertoCayo_White_P_c73a5ff2-ae02-4b7c-98ca-3d3cd87535d9.jpg?v=1779936869
puerto-cayo-panama-hat-handwoven,Puerto Cayo Panama Hat - Handwoven,Bigalli Hats USA,gid://shopify/MediaImage/43652983685424,,"Bigalli Puerto Cayo Panama Hat Handwoven, another angle",https://cdn.shopify.com/s/files/1/0885/7180/6000/files/Bigalli_Hats_PuertoCayo_White_1.jpg?v=1779936869
puerto-cayo-panama-hat-handwoven,Puerto Cayo Panama Hat - Handwoven,Bigalli Hats USA,gid://shopify/MediaImage/43652983718192,,Bigalli Puerto Cayo Panama Hat Handwoven in white,https://cdn.shopify.com/s/files/1/0885/7180/6000/files/Bigalli_Hats_PuertoCayo_White_2.jpg?v=1779936868
puerto-cayo-panama-hat-handwoven,Puerto Cayo Panama Hat - Handwoven,Bigalli Hats USA,gid://shopify/MediaImage/43652983750960,,Bigalli Puerto Cayo Panama Hat Handwoven in white,https://cdn.shopify.com/s/files/1/0885/7180/6000/files/Bigalli_Hats_PuertoCayo_White_3.jpg?v=1779936868
puerto-cayo-panama-hat-handwoven,Puerto Cayo Panama Hat - Handwoven,Bigalli Hats USA,gid://shopify/MediaImage/43652983783728,,Bigalli Puerto Cayo Panama Hat Handwoven in natural panama,https://cdn.shopify.com/s/files/1/0885/7180/6000/files/Bigalli_Hats_PuertoCayo_Nat_P.jpg?v=1779936869
puerto-cayo-panama-hat-handwoven,Puerto Cayo Panama Hat - Handwoven,Bigalli Hats USA,gid://shopify/MediaImage/43652983816496,,Bigalli Puerto Cayo Panama Hat Handwoven,https://cdn.shopify.com/s/files/1/0885/7180/6000/files/Bigalli_Hats_PuertoCayo_Nat_2.jpg?v=1779936868
puerto-cayo-panama-hat-handwoven,Puerto Cayo Panama Hat - Handwoven,Bigalli Hats USA,gid://shopify/MediaImage/43652983849264,,Bigalli Puerto Cayo Panama Hat Handwoven,https://cdn.shopify.com/s/files/1/0885/7180/6000/files/Bigalli_Hats_PuertoCayo_Nat_3.jpg?v=1779936869
puerto-cayo-panama-hat-handwoven,Puerto Cayo Panama Hat - Handwoven,Bigalli Hats USA,gid://shopify/MediaImage/43652983882032,,Bigalli Puerto Cayo Panama Hat Handwoven,https://cdn.shopify.com/s/files/1/0885/7180/6000/files/Bigalli_Hats_PuertoCayo_Nat_1.jpg?v=1779936869
panama-hat-australian,Panama Hat Australian,Bigalli Hats USA,gid://shopify/MediaImage/43652983914800,,Bigalli Panama Hat Australian in white panama,https://cdn.shopify.com/s/files/1/0885/7180/6000/files/Bigalli_Hats_AustralianPanama_White_P_cca12a44-3bb5-47b3-8206-11334c8f5e68.jpg?v=1779936869
panama-hat-australian,Panama Hat Australian,Bigalli Hats USA,gid://shopify/MediaImage/43652983947568,,Bigalli Panama Hat Australian,https://cdn.shopify.com/s/files/1/0885/7180/6000/files/Bigalli-australian-Panama.jpg?v=1779936869
panama-hat-australian,Panama Hat Australian,Bigalli Hats USA,gid://shopify/MediaImage/43652983980336,,"Bigalli Panama Hat Australian, another angle",https://cdn.shopify.com/s/files/1/0885/7180/6000/files/Bigalli_Hats_AustralianPanama_White_1_1fc1b359-1aff-435e-8cad-f87515d01743.jpg?v=1779936869
panama-hat-australian,Panama Hat Australian,Bigalli Hats USA,gid://shopify/MediaImage/43652984013104,,Bigalli Panama Hat Australian in white,https://cdn.shopify.com/s/files/1/0885/7180/6000/files/Bigalli_Hats_AustralianPanama_White_2_54448293-3717-42d0-9139-034396108df1.jpg?v=1779936869
panama-hat-australian,Panama Hat Australian,Bigalli Hats USA,gid://shopify/MediaImage/43652984045872,,Bigalli Panama Hat Australian in white,https://cdn.shopify.com/s/files/1/0885/7180/6000/files/Bigalli_Hats_AustralianPanama_White_3_263d9a73-4d50-4cc0-b707-80b4cdb29b8a.jpg?v=1779936869
panama-hat-australian,Panama Hat Australian,Bigalli Hats USA,gid://shopify/MediaImage/43652984078640,,Bigalli Panama Hat Australian in natural panama,https://cdn.shopify.com/s/files/1/0885/7180/6000/files/Bigalli_Hats_AustralianPanama_Natural_P_499c53e5-4803-4c18-9e54-22b2666dd522.jpg?v=1779936869
panama-hat-australian,Panama Hat Australian,Bigalli Hats USA,gid://shopify/MediaImage/43652984111408,,Bigalli Panama Hat Australian in beige panama,https://cdn.shopify.com/s/files/1/0885/7180/6000/files/Bigalli_Hats_AustralianPanama_Beige_P_f267c16d-0788-4e37-852f-460081c5310d.jpg?v=1779936869
panama-hat-summit-outdoor-uv-protection,Panama Hat Summit - Outdoor UV Protection,Bigalli Hats USA,gid://shopify/MediaImage/43652984209712,,Bigalli Panama Hat Summit Outdoor UV Protection in natural,https://cdn.shopify.com/s/files/1/0885/7180/6000/files/Bigalli_Hats_Summit_Natural_P.jpg?v=1779936874
panama-hat-summit-outdoor-uv-protection,Panama Hat Summit - Outdoor UV Protection,Bigalli Hats USA,gid://shopify/MediaImage/43652984242480,,Bigalli Panama Hat Summit Outdoor UV Protection in natural panama,https://cdn.shopify.com/s/files/1/0885/7180/6000/files/Summit-Bigalli.jpg?v=1779936875
panama-hat-summit-outdoor-uv-protection,Panama Hat Summit - Outdoor UV Protection,Bigalli Hats USA,gid://shopify/MediaImage/43652984275248,,"Bigalli Panama Hat Summit Outdoor UV Protection, another angle",https://cdn.shopify.com/s/files/1/0885/7180/6000/files/Bigalli_Hats_Summit_Natural_1.jpg?v=1779936874
panama-hat-summit-outdoor-uv-protection,Panama Hat Summit - Outdoor UV Protection,Bigalli Hats USA,gid://shopify/MediaImage/43652984308016,,Bigalli Panama Hat Summit Outdoor UV Protection in natural,https://cdn.shopify.com/s/files/1/0885/7180/6000/files/Bigalli_Hats_Summit_Natural_2.jpg?v=1779936874
panama-hat-summit-outdoor-uv-protection,Panama Hat Summit - Outdoor UV Protection,Bigalli Hats USA,gid://shopify/MediaImage/43652984340784,,Bigalli Panama Hat Summit Outdoor UV Protection in natural,https://cdn.shopify.com/s/files/1/0885/7180/6000/files/Bigalli_Hats_Summit_Natural_3.jpg?v=1779936874
panama-hat-summit-outdoor-uv-protection,Panama Hat Summit - Outdoor UV Protection,Bigalli Hats USA,gid://shopify/MediaImage/43652984373552,,Bigalli Panama Hat Summit Outdoor UV Protection in natural,https://cdn.shopify.com/s/files/1/0885/7180/6000/files/Bigalli_Hats_Summit_Natural_4.jpg?v=1779936874
huggie-hoops,Huggie Hoops,Moon Ridge Hats and Heritage,gid://shopify/MediaImage/43669710111024,,Moon Ridge Huggie Hoops,https://cdn.shopify.com/s/files/1/0885/7180/6000/files/0D876AEC-6F5E-4277-BC09-668EF8B7BDF1.jpg?v=1780175001
huggie-hoops-1,Huggie Hoops,Moon Ridge Hats and Heritage,gid://shopify/MediaImage/43669714436400,,Moon Ridge Huggie Hoops,https://cdn.shopify.com/s/files/1/0885/7180/6000/files/3F4A1A5C-390B-45F1-9B3D-DED2D95C5161.jpg?v=1780175248
oversized-jacquard-spa-towel,Pendleton Oversized Jacquard Spa Towel,Pendleton,gid://shopify/MediaImage/43672088445232,,Pendleton Oversized Jacquard Spa Towel in spider rock black / white,https://cdn.shopify.com/s/files/1/0885/7180/6000/files/serve.jpg?v=1780247260
oversized-jacquard-spa-towel,Pendleton Oversized Jacquard Spa Towel,Pendleton,gid://shopify/MediaImage/43672088478000,,"Pendleton Oversized Jacquard Spa Towel in nehalem navy, another angle",https://cdn.shopify.com/s/files/1/0885/7180/6000/files/serve_a5f70a2f-6705-420c-b571-3a322e191bc5.jpg?v=1780247262
oversized-jacquard-spa-towel,Pendleton Oversized Jacquard Spa Towel,Pendleton,gid://shopify/MediaImage/43672088510768,,Pendleton Oversized Jacquard Spa Towel in highland peak aqua,https://cdn.shopify.com/s/files/1/0885/7180/6000/files/serve_4ed39e7a-692f-40f9-8dd0-74f91793b27b.jpg?v=1780247265
oversized-jacquard-spa-towel,Pendleton Oversized Jacquard Spa Towel,Pendleton,gid://shopify/MediaImage/43672088609072,,Pendleton Oversized Jacquard Spa Towel,https://cdn.shopify.com/s/files/1/0885/7180/6000/files/serve_e9edf11b-fe18-4daf-9b80-735c0889f83d.jpg?v=1780247267
oversized-jacquard-spa-towel,Pendleton Oversized Jacquard Spa Towel,Pendleton,gid://shopify/MediaImage/43672088641840,,Pendleton Oversized Jacquard Spa Towel in century harding,https://cdn.shopify.com/s/files/1/0885/7180/6000/files/serve_7cddfdb3-0732-45e3-b59c-212098b05e21.jpg?v=1780247270
oversized-jacquard-spa-towel,Pendleton Oversized Jacquard Spa Towel,Pendleton,gid://shopify/MediaImage/43672088674608,,Pendleton Oversized Jacquard Spa Towel,https://cdn.shopify.com/s/files/1/0885/7180/6000/files/serve_b0678e67-f133-47b0-9e76-06c440aa9478.jpg?v=1780247272
sunseeker-towel,Pendleton Sunseeker Towel,Pendleton,gid://shopify/MediaImage/43673529286960,,Pendleton Sunseeker Towel,https://cdn.shopify.com/s/files/1/0885/7180/6000/files/serve_26d196eb-695d-4461-a30f-3204778a0443.png?v=1780290865
sunseeker-towel,Pendleton Sunseeker Towel,Pendleton,gid://shopify/MediaImage/43673529319728,,"Pendleton Sunseeker Towel, another angle",https://cdn.shopify.com/s/files/1/0885/7180/6000/files/serve_152f9418-8913-4c19-b477-70d204d5a8e3.png?v=1780290864
sunseeker-towel,Pendleton Sunseeker Towel,Pendleton,gid://shopify/MediaImage/43673529352496,,Pendleton Sunseeker Towel,https://cdn.shopify.com/s/files/1/0885/7180/6000/files/serve_0503f781-517e-4d4f-beb4-66ee5584e180.png?v=1780290864
sunseeker-towel,Pendleton Sunseeker Towel,Pendleton,gid://shopify/MediaImage/43673529385264,,Pendleton Sunseeker Towel,https://cdn.shopify.com/s/files/1/0885/7180/6000/files/serve_19026823-0850-4e03-b7da-a0860dac990f.png?v=1780290865
sunseeker-towel,Pendleton Sunseeker Towel,Pendleton,gid://shopify/MediaImage/43673529418032,,Pendleton Sunseeker Towel,https://cdn.shopify.com/s/files/1/0885/7180/6000/files/serve_4486f4f9-5c0c-4ea5-b8cd-4bd8ec7371d6.png?v=1780290865
sunseeker-towel,Pendleton Sunseeker Towel,Pendleton,gid://shopify/MediaImage/43673529450800,,Pendleton Sunseeker Towel,https://cdn.shopify.com/s/files/1/0885/7180/6000/files/serve_6021d3cf-2142-4a65-a700-9737f7d730e6.png?v=1780290864
sunseeker-towel,Pendleton Sunseeker Towel,Pendleton,gid://shopify/MediaImage/43673529483568,,Pendleton Sunseeker Towel in rancho arroyo aqua,https://cdn.shopify.com/s/files/1/0885/7180/6000/files/serve_7d424c98-dd2c-4093-a794-ca1878bd7b50.png?v=1780290865
sunseeker-towel,Pendleton Sunseeker Towel,Pendleton,gid://shopify/MediaImage/43673529516336,,Pendleton Sunseeker Towel in tan agate beach,https://cdn.shopify.com/s/files/1/0885/7180/6000/files/serve_9228c252-787d-48df-a45b-b541a1fa1876.png?v=1780290865
sunseeker-towel,Pendleton Sunseeker Towel,Pendleton,gid://shopify/MediaImage/43673529549104,,Pendleton Sunseeker Towel in harding coral,https://cdn.shopify.com/s/files/1/0885/7180/6000/files/serve_08e0d1f4-3bcf-4bf7-a797-a83e6f771ad4.png?v=1780290865
3-piece-towel-set,Pendleton Piece Towel Set,Pendleton,gid://shopify/MediaImage/43672089329968,,Pendleton Piece Towel Set in spider rock black / white,https://cdn.shopify.com/s/files/1/0885/7180/6000/files/serve_115bc150-6f2d-418d-ba85-8be69c47abce.jpg?v=1780247299
oc-throw-gift-pack-set-2,Pendleton Throw Gift Pack Set of 2,Pendleton,gid://shopify/MediaImage/43672089690416,,Pendleton Throw Gift Pack Set of 2 in wyeth falls linen,https://cdn.shopify.com/s/files/1/0885/7180/6000/files/serve_a2695768-e48c-44c1-90d5-e877306773d7.jpg?v=1780247311
oc-throw-gift-pack-set-2,Pendleton Throw Gift Pack Set of 2,Pendleton,gid://shopify/MediaImage/43672089723184,,"Pendleton Throw Gift Pack Set of 2, another angle",https://cdn.shopify.com/s/files/1/0885/7180/6000/files/serve_f96b7719-ec57-4130-a2bc-22d5a8e864c8.jpg?v=1780247313
oc-throw-gift-pack-set-2,Pendleton Throw Gift Pack Set of 2,Pendleton,gid://shopify/MediaImage/43672089919792,,Pendleton Throw Gift Pack Set of 2,https://cdn.shopify.com/s/files/1/0885/7180/6000/files/serve_094b143b-719d-49ce-b0bb-1e5fe6e232e1.jpg?v=1780247316
oc-throw-gift-pack-set-2,Pendleton Throw Gift Pack Set of 2,Pendleton,gid://shopify/MediaImage/43672090116400,,Pendleton Throw Gift Pack Set of 2 in wyeth falls denim,https://cdn.shopify.com/s/files/1/0885/7180/6000/files/serve_22bc19f0-3be5-479e-a71c-e2170740f1bc.jpg?v=1780247318
oc-throw-gift-pack-set-2,Pendleton Throw Gift Pack Set of 2,Pendleton,gid://shopify/MediaImage/43672090149168,,Pendleton Throw Gift Pack Set of 2,https://cdn.shopify.com/s/files/1/0885/7180/6000/files/serve_00f0fe07-9184-4d11-8923-82609cd24945.jpg?v=1780247321
oc-throw-gift-pack-set-2,Pendleton Throw Gift Pack Set of 2,Pendleton,gid://shopify/MediaImage/43672090345776,,Pendleton Throw Gift Pack Set of 2,https://cdn.shopify.com/s/files/1/0885/7180/6000/files/serve_d6f6e4aa-ab6e-49ae-94a8-4e201bb4f73a.jpg?v=1780247323
fringed-cotton-throw,Pendleton Fringed Cotton Throw,Pendleton,gid://shopify/MediaImage/43672090444080,,Pendleton Fringed Cotton Throw in blue ridge,https://cdn.shopify.com/s/files/1/0885/7180/6000/files/serve_b489708f-bb0a-40e1-8046-03043b5ca7a6.jpg?v=1780247327
fringed-cotton-throw,Pendleton Fringed Cotton Throw,Pendleton,gid://shopify/MediaImage/43672090476848,,"Pendleton Fringed Cotton Throw, another angle",https://cdn.shopify.com/s/files/1/0885/7180/6000/files/serve_72a7833b-8467-4685-952d-dd4469e92a80.jpg?v=1780247329
fringed-cotton-throw,Pendleton Fringed Cotton Throw,Pendleton,gid://shopify/MediaImage/43672090673456,,Pendleton Fringed Cotton Throw,https://cdn.shopify.com/s/files/1/0885/7180/6000/files/serve_84257b91-a791-415c-97c3-b0d61bc59078.jpg?v=1780247332
fringed-cotton-throw,Pendleton Fringed Cotton Throw,Pendleton,gid://shopify/MediaImage/43672090706224,,Pendleton Fringed Cotton Throw in highland peak aqua,https://cdn.shopify.com/s/files/1/0885/7180/6000/files/serve_66db2e4d-cb48-47b5-81f1-9c07f4db8df4.jpg?v=1780247334
fringed-cotton-throw,Pendleton Fringed Cotton Throw,Pendleton,gid://shopify/MediaImage/43672090902832,,Pendleton Fringed Cotton Throw,https://cdn.shopify.com/s/files/1/0885/7180/6000/files/serve_785f7f0f-237f-4ac2-aa91-7f433a21b0ea.jpg?v=1780247337
fringed-cotton-throw,Pendleton Fringed Cotton Throw,Pendleton,gid://shopify/MediaImage/43672090935600,,Pendleton Fringed Cotton Throw,https://cdn.shopify.com/s/files/1/0885/7180/6000/files/serve_954aa4a2-e36d-4e56-8d45-0736e2ea776a.jpg?v=1780247339
12-oz-ceramic-mug-set,Pendleton Southwestern Pattern Ceramic Coffee Mugs Set,Pendleton,gid://shopify/MediaImage/43672091066672,,Pendleton Southwestern Pattern Ceramic Coffee Mugs Set in high desert collection,https://cdn.shopify.com/s/files/1/0885/7180/6000/files/serve_84b03fdd-e141-4fca-99ca-fbf638c05463.jpg?v=1780247347
18-oz-ceramic-mug,Pendleton Southwestern Style Ceramic Coffee Mug,Pendleton,gid://shopify/MediaImage/43673630998832,,Pendleton Southwestern Style Ceramic Coffee Mug in los ojos black,https://cdn.shopify.com/s/files/1/0885/7180/6000/files/serve_8c9e8f87-24ff-43cb-853f-85ca52aa7888.png?v=1780292160
18-oz-ceramic-mug,Pendleton Southwestern Style Ceramic Coffee Mug,Pendleton,gid://shopify/MediaImage/43673631031600,,"Pendleton Southwestern Style Ceramic Coffee Mug in prairie rush hour grey, another angle",https://cdn.shopify.com/s/files/1/0885/7180/6000/files/serve_5a1752df-752c-47b2-a10e-2de8b011b7e0.png?v=1780292158
18-oz-ceramic-mug,Pendleton Southwestern Style Ceramic Coffee Mug,Pendleton,gid://shopify/MediaImage/43673631064368,,Pendleton Southwestern Style Ceramic Coffee Mug in canyonlands desert sky,https://cdn.shopify.com/s/files/1/0885/7180/6000/files/serve_19c47478-dba4-496f-88fb-9f49b5a7d341.png?v=1780292158
18-oz-ceramic-mug,Pendleton Southwestern Style Ceramic Coffee Mug,Pendleton,gid://shopify/MediaImage/43673631097136,,Pendleton Southwestern Style Ceramic Coffee Mug in tucson aqua,https://cdn.shopify.com/s/files/1/0885/7180/6000/files/serve_daefd1ee-1703-4b27-a125-b79f2ec0382c.png?v=1780292158
18-oz-ceramic-mug,Pendleton Southwestern Style Ceramic Coffee Mug,Pendleton,gid://shopify/MediaImage/43673631129904,,Pendleton Southwestern Style Ceramic Coffee Mug in big medicine oxford,https://cdn.shopify.com/s/files/1/0885/7180/6000/files/serve_845ebd2b-a23a-4430-9703-c1f934e43428.png?v=1780292158
18-oz-ceramic-mug,Pendleton Southwestern Style Ceramic Coffee Mug,Pendleton,gid://shopify/MediaImage/43673631162672,,Pendleton Southwestern Style Ceramic Coffee Mug in in their element,https://cdn.shopify.com/s/files/1/0885/7180/6000/files/serve_db72eb94-e56c-4304-b867-cae0e659e868.png?v=1780292158
3-pack-bandana,Pendleton 3-pack Bandana,Pendleton,gid://shopify/MediaImage/43673476104496,,Pendleton 3-pack Bandana,https://cdn.shopify.com/s/files/1/0885/7180/6000/files/serve_dba2e7c9-34c7-41c0-bb0a-15709cdc1a59.png?v=1780290016
3-pack-bandana,Pendleton 3-pack Bandana,Pendleton,gid://shopify/MediaImage/43673476137264,,"Pendleton 3-pack Bandana, another angle",https://cdn.shopify.com/s/files/1/0885/7180/6000/files/serve_ca482ee7-3225-4eff-8990-ff52892de6dc.png?v=1780290016
3-pack-bandana,Pendleton 3-pack Bandana,Pendleton,gid://shopify/MediaImage/43673476170032,,Pendleton 3-pack Bandana,https://cdn.shopify.com/s/files/1/0885/7180/6000/files/serve_a8b089ba-cdd8-43e8-b642-4547c8385b8e.png?v=1780290016
3-pack-bandana,Pendleton 3-pack Bandana,Pendleton,gid://shopify/MediaImage/43673476202800,,Pendleton 3-pack Bandana,https://cdn.shopify.com/s/files/1/0885/7180/6000/files/serve_0b7c3368-13ff-4f8d-84e0-b7ef99a7d857.png?v=1780290016
3-pack-bandana,Pendleton 3-pack Bandana,Pendleton,gid://shopify/MediaImage/43673476235568,,Pendleton 3-pack Bandana,https://cdn.shopify.com/s/files/1/0885/7180/6000/files/serve_16cc8a6c-b3ef-4265-9200-2a7881b2e9f8.png?v=1780290016
3-pack-bandana,Pendleton 3-pack Bandana,Pendleton,gid://shopify/MediaImage/43673476268336,,Pendleton 3-pack Bandana,https://cdn.shopify.com/s/files/1/0885/7180/6000/files/serve_c7fc2606-9bc2-4f60-b078-19f5964cde0e.png?v=1780290016
3-pack-bandana,Pendleton 3-pack Bandana,Pendleton,gid://shopify/MediaImage/43673476301104,,Pendleton 3-pack Bandana,https://cdn.shopify.com/s/files/1/0885/7180/6000/files/serve_5d3f88df-f03b-4a56-9097-9de8670d1862.png?v=1780290016
3-pack-bandana,Pendleton 3-pack Bandana,Pendleton,gid://shopify/MediaImage/43673476333872,,Pendleton 3-pack Bandana in pilot rock multi,https://cdn.shopify.com/s/files/1/0885/7180/6000/files/serve_d3884248-f570-488f-9dc1-0b290f574b08.png?v=1780290016
3-pack-bandana,Pendleton 3-pack Bandana,Pendleton,gid://shopify/MediaImage/43673476366640,,Pendleton 3-pack Bandana in western lasso multi,https://cdn.shopify.com/s/files/1/0885/7180/6000/files/serve_8a018ca5-da21-43ce-86e3-e5f2f878592c.png?v=1780290016
astoria-canvas-zip-pouch,Pendleton Astoria Canvas Zip Pouch,Pendleton,gid://shopify/MediaImage/43672103485744,,Pendleton Astoria Canvas Zip Pouch in ponderosa ivory,https://cdn.shopify.com/s/files/1/0885/7180/6000/files/serve_d9357545-b2b9-4216-b7d9-f5a1328cf460.jpg?v=1780248107
astoria-canvas-zip-pouch,Pendleton Astoria Canvas Zip Pouch,Pendleton,gid://shopify/MediaImage/43672103518512,,"Pendleton Astoria Canvas Zip Pouch, another angle",https://cdn.shopify.com/s/files/1/0885/7180/6000/files/serve_144c1e1b-d9b5-42da-a5ac-756e4c2528fb.jpg?v=1780248110
astoria-canvas-zip-pouch,Pendleton Astoria Canvas Zip Pouch,Pendleton,gid://shopify/MediaImage/43672103584048,,Pendleton Astoria Canvas Zip Pouch in ponderosa ivory,https://cdn.shopify.com/s/files/1/0885/7180/6000/files/serve_82574f21-3fa9-45c2-94a7-61ec078f7bac.jpg?v=1780248112
bayside-slim-wallet,Pendleton Bayside Slim Wallet,Pendleton,gid://shopify/MediaImage/43673689981232,,Pendleton Bayside Slim Wallet in emerald creek,https://cdn.shopify.com/s/files/1/0885/7180/6000/files/serve_cea603be-8a33-431d-939e-3d6cf7be4493.png?v=1780293099
bayside-slim-wallet,Pendleton Bayside Slim Wallet,Pendleton,gid://shopify/MediaImage/43673690014000,,"Pendleton Bayside Slim Wallet, another angle",https://cdn.shopify.com/s/files/1/0885/7180/6000/files/serve_518a3c95-7761-45a4-94fb-68b38b7843df.png?v=1780293099
bayside-slim-wallet,Pendleton Bayside Slim Wallet,Pendleton,gid://shopify/MediaImage/43673690046768,,Pendleton Bayside Slim Wallet in emerald creek,https://cdn.shopify.com/s/files/1/0885/7180/6000/files/serve_a50ebea3-8e40-48fc-babb-e357c68f7440.png?v=1780293099
astoria-canvas-large-tote,Pendleton Astoria Canvas Large Tote,Pendleton,gid://shopify/MediaImage/43672103715120,,Pendleton Astoria Canvas Large Tote in ponderosa ivory,https://cdn.shopify.com/s/files/1/0885/7180/6000/files/serve_031fb2a2-9c4d-41a4-a55b-4608acbf576c.jpg?v=1780248125
astoria-canvas-large-tote,Pendleton Astoria Canvas Large Tote,Pendleton,gid://shopify/MediaImage/43672103747888,,"Pendleton Astoria Canvas Large Tote, another angle",https://cdn.shopify.com/s/files/1/0885/7180/6000/files/serve_0e4f6d55-506b-4eae-a402-e58e38eb2e97.jpg?v=1780248127
astoria-canvas-large-tote,Pendleton Astoria Canvas Large Tote,Pendleton,gid://shopify/MediaImage/43672103780656,,Pendleton Astoria Canvas Large Tote in ponderosa ivory,https://cdn.shopify.com/s/files/1/0885/7180/6000/files/serve_4d0d4ade-d08c-4db9-8c79-aab183420cba.jpg?v=1780248130
bayside-tote,Pendleton Bayside Tote,Pendleton,gid://shopify/MediaImage/43673453166896,,Pendleton Bayside Tote in emerald creek,https://cdn.shopify.com/s/files/1/0885/7180/6000/files/serve_ea7450af-9fc4-4a84-bc0c-25412c0e5372.png?v=1780289669
bayside-tote,Pendleton Bayside Tote,Pendleton,gid://shopify/MediaImage/43673453199664,,"Pendleton Bayside Tote, another angle",https://cdn.shopify.com/s/files/1/0885/7180/6000/files/serve_bc85b242-249c-4123-ae75-13fff57b3f80.png?v=1780289669
bayside-tote,Pendleton Bayside Tote,Pendleton,gid://shopify/MediaImage/43673453232432,,Pendleton Bayside Tote in emerald creek,https://cdn.shopify.com/s/files/1/0885/7180/6000/files/serve_4cf1a7c7-9dd6-4c74-b2eb-4b835bca5906.png?v=1780289669
deschutes-vintage-graphic-tee-ss,Pendleton Deschutes Vintage Graphic Tee Ss,Pendleton,gid://shopify/MediaImage/43673662652720,,Pendleton Deschutes Vintage Graphic Tee Ss in navy/gold,https://cdn.shopify.com/s/files/1/0885/7180/6000/files/serve_c7723967-c01a-473f-a1f3-e9dcbaad1098.png?v=1780292683
deschutes-vintage-graphic-tee-ss,Pendleton Deschutes Vintage Graphic Tee Ss,Pendleton,gid://shopify/MediaImage/43673662685488,,"Pendleton Deschutes Vintage Graphic Tee Ss in navy/gold, another angle",https://cdn.shopify.com/s/files/1/0885/7180/6000/files/serve_cccbe31e-2a25-488e-afe4-4c0fd09f73d4.png?v=1780292683
pendleton-whisky-leter-buck-graphic-tee,Pendleton Whisky Let'er Buck Graphic Tee,Pendleton,gid://shopify/MediaImage/43673654657328,,Pendleton Whisky Let'er Buck Graphic Tee in asphalt/ivory,https://cdn.shopify.com/s/files/1/0885/7180/6000/files/serve_e2b2ddba-3aff-48c4-a7c5-199546f161f4.png?v=1780292551
pendleton-whisky-leter-buck-graphic-tee,Pendleton Whisky Let'er Buck Graphic Tee,Pendleton,gid://shopify/MediaImage/43673654690096,,"Pendleton Whisky Let'er Buck Graphic Tee in asphalt/ivory, another angle",https://cdn.shopify.com/s/files/1/0885/7180/6000/files/serve_80ebab6e-93d3-4804-8146-b63ca78ea26b.png?v=1780292551
western-tradition-graphic-tee,Pendleton Western Tradition Graphic Tee,Pendleton,gid://shopify/MediaImage/43673441567024,,Pendleton Western Tradition Graphic Tee in vintage black/multi,https://cdn.shopify.com/s/files/1/0885/7180/6000/files/serve_79a232f0-1224-4970-a419-a3fffc19f4a0.png?v=1780289486
western-tradition-graphic-tee,Pendleton Western Tradition Graphic Tee,Pendleton,gid://shopify/MediaImage/43673441599792,,"Pendleton Western Tradition Graphic Tee in vintage black/multi, another angle",https://cdn.shopify.com/s/files/1/0885/7180/6000/files/serve_89803c86-fcfc-4c70-b821-4b876c255d23.png?v=1780289487
vintage-bison-graphic-tee,Pendleton Vintage Bison Graphic Tee,Pendleton,gid://shopify/MediaImage/43673438748976,,Pendleton Vintage Bison Graphic Tee in chestnut/tan,https://cdn.shopify.com/s/files/1/0885/7180/6000/files/serve_ac1cf8e9-21c2-419a-9f4b-1a41e21146aa.png?v=1780289443
vintage-bison-graphic-tee,Pendleton Vintage Bison Graphic Tee,Pendleton,gid://shopify/MediaImage/43673438781744,,"Pendleton Vintage Bison Graphic Tee in chestnut/tan, another angle",https://cdn.shopify.com/s/files/1/0885/7180/6000/files/serve_7d25c08b-be64-412f-bf78-463186ff616f.png?v=1780289444
american-western-graphic-tee,Pendleton American Western Graphic Tee,Pendleton,gid://shopify/MediaImage/43673435308336,,Pendleton American Western Graphic Tee in vintage white/rust,https://cdn.shopify.com/s/files/1/0885/7180/6000/files/serve_2ba5f3d8-fcd1-4b1b-a06d-b9f402abaa90.png?v=1780289393
american-western-graphic-tee,Pendleton American Western Graphic Tee,Pendleton,gid://shopify/MediaImage/43673435341104,,"Pendleton American Western Graphic Tee in vintage white/rust, another angle",https://cdn.shopify.com/s/files/1/0885/7180/6000/files/serve_d1f98a77-3441-4258-9300-7132b5afdd82.png?v=1780289392
laramie-shirt-ss,Pendleton Laramie Short Sleeve Shirt - Laurel Grove Stripe,Pendleton,gid://shopify/MediaImage/43673650266416,,Pendleton Laramie Short Sleeve Shirt Laurel Grove Stripe,https://cdn.shopify.com/s/files/1/0885/7180/6000/files/serve_573eed85-a89f-46e6-a19f-167187562d9f.png?v=1780292474
aloha-shirt,Pendleton Aloha Short Sleeve Shirt,Pendleton,gid://shopify/MediaImage/43673646825776,,Pendleton Aloha Short Sleeve Shirt in chief joseph grey,https://cdn.shopify.com/s/files/1/0885/7180/6000/files/serve_220616a8-4c89-4109-b09c-146c87950e9d.png?v=1780292413
frontier-shirt-ss,Pendleton Frontier Shirt Short Sleeve Shirt,Pendleton,gid://shopify/MediaImage/43673641353520,,Pendleton Frontier Shirt Short Sleeve Shirt in ivory/blue plaid,https://cdn.shopify.com/s/files/1/0885/7180/6000/files/serve_a17aede6-9f15-4ac5-82c5-84beb2410c1f.png?v=1780292335
frontier-shirt-ss,Pendleton Frontier Shirt Short Sleeve Shirt,Pendleton,gid://shopify/MediaImage/43673641386288,,"Pendleton Frontier Shirt Short Sleeve Shirt in tan/blue/rust plaid, another angle",https://cdn.shopify.com/s/files/1/0885/7180/6000/files/serve_d49249e0-db51-4e98-a33d-ff988041715e.png?v=1780292335
western-aloha-shirt,Pendleton Western Aloha Short Sleeve Shirt,Pendleton,gid://shopify/MediaImage/43673636569392,,Pendleton Western Aloha Short Sleeve Shirt in western tan,https://cdn.shopify.com/s/files/1/0885/7180/6000/files/serve_caaa1c9e-4b59-4c72-af59-8af9e5731fc5.png?v=1780292249
bayside-shirt-ss,Pendleton Bayside Shirt Short Sleeve Shirt,Pendleton,gid://shopify/MediaImage/43673605439792,,Pendleton Bayside Shirt Short Sleeve Shirt in blue multi stripe,https://cdn.shopify.com/s/files/1/0885/7180/6000/files/serve_ffda9aea-4497-4701-b37c-ef112deda175.png?v=1780291743
laramie-shirt-ss-1,Pendleton Laramie Short Sleeve Shirt - Western Navy,Pendleton,gid://shopify/MediaImage/43673634603312,,Pendleton Laramie Short Sleeve Shirt Western Navy,https://cdn.shopify.com/s/files/1/0885/7180/6000/files/serve_84f76562-a9b8-422e-8624-44b3aaa5adda.png?v=1780292215
stetson-saddleman-20x-straw-cowboy-hat,Stetson Saddleman Straw 20X,STETSON,gid://shopify/MediaImage/43824392732976,,"Stetson Saddleman Straw 20X, shantung straw cowboy hat in natural",https://cdn.shopify.com/s/files/1/0885/7180/6000/files/SSSDMN-WR42-81_Natural_2_66ac5ac2-a564-47c7-a4d4-71db562b72a6.webp?v=1781493892
stetson-saddleman-20x-straw-cowboy-hat,Stetson Saddleman Straw 20X,STETSON,gid://shopify/MediaImage/43824392765744,,"Stetson Saddleman Straw 20X, shantung straw cowboy hat, another angle",https://cdn.shopify.com/s/files/1/0885/7180/6000/files/SSSDMN-WR42-81_Natural_1_4fec89db-8fb6-44b5-af82-8bf422e2f60e.webp?v=1781493892
stetson-saddleman-20x-straw-cowboy-hat,Stetson Saddleman Straw 20X,STETSON,gid://shopify/MediaImage/43824392798512,,"Stetson Saddleman Straw 20X, shantung straw cowboy hat in natural",https://cdn.shopify.com/s/files/1/0885/7180/6000/files/SSSDMN-WR42-81_Natural_3_0bb7488c-8c82-4745-8317-cd96b20f0402.webp?v=1781493892
stetson-saddleman-20x-straw-cowboy-hat,Stetson Saddleman Straw 20X,STETSON,gid://shopify/MediaImage/43824392831280,,"Stetson Saddleman Straw 20X, shantung straw cowboy hat in natural",https://cdn.shopify.com/s/files/1/0885/7180/6000/files/SSSDMN-WR42-81_Natural_4.webp?v=1781493892
stetson-saddleman-20x-straw-cowboy-hat,Stetson Saddleman Straw 20X,STETSON,gid://shopify/MediaImage/43824392864048,,"Stetson Saddleman Straw 20X, shantung straw cowboy hat in natural",https://cdn.shopify.com/s/files/1/0885/7180/6000/files/SSSDMN-WR42-81_NATURAL_5_b46d3f6d-e0a4-4362-ac0e-a15105cdd4c0.webp?v=1781493892
stetson-saddleman-20x-straw-cowboy-hat,Stetson Saddleman Straw 20X,STETSON,gid://shopify/MediaImage/43824392896816,,"Stetson Saddleman Straw 20X, shantung straw cowboy hat in natural",https://cdn.shopify.com/s/files/1/0885/7180/6000/files/SSSDMN-WR42-81_Natural_6_18f94340-101a-4afa-ae53-1fa3e0e3910c.jpg?v=1781493892
resistol-20x-chase-ba-profile-cowboy-hat,Resistol 20X Chase BA Profile,RESISTOL,gid://shopify/MediaImage/43824178233648,,"Resistol 20X Chase BA Profile, 20x straw cowboy hat in natural",https://cdn.shopify.com/s/files/1/0885/7180/6000/files/RSCHAS-BA4281_7369d36b-758e-4112-91b3-ac19856348e4.webp?v=1781492728
resistol-20x-chase-ba-profile-cowboy-hat,Resistol 20X Chase BA Profile,RESISTOL,gid://shopify/MediaImage/43824178266416,,"Resistol 20X Chase BA Profile, 20x straw cowboy hat, another angle",https://cdn.shopify.com/s/files/1/0885/7180/6000/files/RSCHAS-BA4281_ALT1_f3e27fbc-8577-4858-a1a2-b3ce8bad1ac1.webp?v=1781492728
resistol-20x-chase-ba-profile-cowboy-hat,Resistol 20X Chase BA Profile,RESISTOL,gid://shopify/MediaImage/43824178299184,,"Resistol 20X Chase BA Profile, 20x straw cowboy hat in natural",https://cdn.shopify.com/s/files/1/0885/7180/6000/files/RSCHAS-BA4281_ALT2_42c5a8d1-f439-4a87-b3e0-a6f665fa4bd2.webp?v=1781492728
resistol-20x-chase-ba-profile-cowboy-hat,Resistol 20X Chase BA Profile,RESISTOL,gid://shopify/MediaImage/43824178331952,,"Resistol 20X Chase BA Profile, 20x straw cowboy hat in natural",https://cdn.shopify.com/s/files/1/0885/7180/6000/files/RSCHAS-BA4281_ALT3_d6109c4d-12ed-4ccf-88ab-ec9056593f11.webp?v=1781492728
resistol-20x-chase-ba-profile-cowboy-hat,Resistol 20X Chase BA Profile,RESISTOL,gid://shopify/MediaImage/43824178364720,,"Resistol 20X Chase BA Profile, 20x straw cowboy hat in natural",https://cdn.shopify.com/s/files/1/0885/7180/6000/files/RSCHAS-BA4281_ALT4_c1f54604-2546-4368-a669-32ee78662870.webp?v=1781492728
resistol-20x-chase-ba-profile-cowboy-hat,Resistol 20X Chase BA Profile,RESISTOL,gid://shopify/MediaImage/43824178397488,,"Resistol 20X Chase BA Profile, 20x straw cowboy hat in natural",https://cdn.shopify.com/s/files/1/0885/7180/6000/files/RSCHAS-BA4281_ALT5_f62cba18-d7ab-481a-a3d4-e849968d2d2b.jpg?v=1781492728
resistol-20x-wildfire-30-profile,Resistol 20X Wildfire 30 Profile,RESISTOL,gid://shopify/MediaImage/43824378839344,,"Resistol 20X Wildfire 30 Profile, 20x straw cowboy hat in natural",https://cdn.shopify.com/s/files/1/0885/7180/6000/files/RSWIFI-304296_2945d570-fcc2-49fa-87a0-c5748b9f5766.webp?v=1781493759
resistol-20x-wildfire-30-profile,Resistol 20X Wildfire 30 Profile,RESISTOL,gid://shopify/MediaImage/43824378872112,,"Resistol 20X Wildfire 30 Profile, 20x straw cowboy hat, another angle",https://cdn.shopify.com/s/files/1/0885/7180/6000/files/RSWIFI-304296_ALT01_b65d1c55-e035-47b0-8773-9726332bb745.webp?v=1781493759
resistol-20x-wildfire-30-profile,Resistol 20X Wildfire 30 Profile,RESISTOL,gid://shopify/MediaImage/43824378904880,,"Resistol 20X Wildfire 30 Profile, 20x straw cowboy hat in natural",https://cdn.shopify.com/s/files/1/0885/7180/6000/files/RSWIFI-304296_ALT04_65778084-fdb8-422b-9f00-4c22c94f48c4.webp?v=1781493759
resistol-20x-wildfire-30-profile,Resistol 20X Wildfire 30 Profile,RESISTOL,gid://shopify/MediaImage/43824378937648,,"Resistol 20X Wildfire 30 Profile, 20x straw cowboy hat in natural",https://cdn.shopify.com/s/files/1/0885/7180/6000/files/RSWIFI-304296_ALT02_a4ca1034-b880-4615-a7ee-617de5c24457.webp?v=1781493759
resistol-20x-wildfire-30-profile,Resistol 20X Wildfire 30 Profile,RESISTOL,gid://shopify/MediaImage/43824378970416,,"Resistol 20X Wildfire 30 Profile, 20x straw cowboy hat in natural",https://cdn.shopify.com/s/files/1/0885/7180/6000/files/RSWIFI-304296_ALT05_eeebaf96-8f33-4241-9631-a899b8e43fa0.jpg?v=1781493759
resistol-20x-wildfire-30-profile,Resistol 20X Wildfire 30 Profile,RESISTOL,gid://shopify/MediaImage/43824379003184,,"Resistol 20X Wildfire 30 Profile, 20x straw cowboy hat in natural",https://cdn.shopify.com/s/files/1/0885/7180/6000/files/RSWIFI-304296_ALT03_28cb524d-73b0-447b-94da-6206fd9beca2.webp?v=1781493759
stetson-outlaw-trucker,Stetson Outlaw Trucker,STETSON,gid://shopify/MediaImage/43841396179248,,"Stetson Outlaw Trucker, 100% cotton in c4 olive",https://cdn.shopify.com/s/files/1/0885/7180/6000/files/upload.webp?v=1781569394
stetson-outlaw-trucker,Stetson Outlaw Trucker,STETSON,gid://shopify/MediaImage/43841396212016,,"Stetson Outlaw Trucker, 100% cotton, another angle",https://cdn.shopify.com/s/files/1/0885/7180/6000/files/upload_f44317a6-ff26-43d6-a623-4dbf8f10a04e.webp?v=1781569395
stetson-western-wear,Stetson Cowboy Wrangler,STETSON,gid://shopify/MediaImage/43841431503152,,"Stetson Cowboy Wrangler, 100% cotton hat in 07 black",https://cdn.shopify.com/s/files/1/0885/7180/6000/files/upload_80c0bbc0-f47b-48fb-ab1d-bc50d6e41990.webp?v=1781569489
stetson-western-wear,Stetson Cowboy Wrangler,STETSON,gid://shopify/MediaImage/43841431535920,,"Stetson Cowboy Wrangler, 100% cotton hat, another angle",https://cdn.shopify.com/s/files/1/0885/7180/6000/files/upload_38a4eb5a-2a3e-4b4e-ac73-fa9fead1965c.webp?v=1781569489
stetson-co-ball-cap,Stetson Co Ball Cap,STETSON,gid://shopify/MediaImage/43841514766640,,Stetson Co Ball Cap in navy/red,https://cdn.shopify.com/s/files/1/0885/7180/6000/files/upload.png?v=1781570008
stetson-co-ball-cap,Stetson Co Ball Cap,STETSON,gid://shopify/MediaImage/43841514799408,,"Stetson Co Ball Cap, another angle",https://cdn.shopify.com/s/files/1/0885/7180/6000/files/upload_1a3c5602-c82d-4cc7-83db-7015be3cdab8.png?v=1781570008
stetson-rodeo-bronco,Stetson Rodeo Bronco,STETSON,gid://shopify/MediaImage/43841806434608,,"Stetson Rodeo Bronco, 100% cotton hat in tan",https://cdn.shopify.com/s/files/1/0885/7180/6000/files/ST0404_Tan_2.webp?v=1781572752
stetson-rodeo-bronco,Stetson Rodeo Bronco,STETSON,gid://shopify/MediaImage/43841806467376,,"Stetson Rodeo Bronco, 100% cotton hat, another angle",https://cdn.shopify.com/s/files/1/0885/7180/6000/files/ST0404_Tan_1.webp?v=1781572752
stetson-rodeo-bronco,Stetson Rodeo Bronco,STETSON,gid://shopify/MediaImage/43841806500144,,"Stetson Rodeo Bronco, 100% cotton hat in tan",https://cdn.shopify.com/s/files/1/0885/7180/6000/files/ST0404_Tan_3.webp?v=1781572752
stetson-canvas-rider-trucker-hat-07-black,Stetson Canvas Rider Trucker Hat,STETSON,gid://shopify/MediaImage/43841971683632,,"Stetson Canvas Rider Trucker Hat, 100% cotton in black",https://cdn.shopify.com/s/files/1/0885/7180/6000/files/ST0406_Black_1.webp?v=1781573517
stetson-canvas-rider-trucker-hat-07-black,Stetson Canvas Rider Trucker Hat,STETSON,gid://shopify/MediaImage/43841971716400,,"Stetson Canvas Rider Trucker Hat, 100% cotton, another angle",https://cdn.shopify.com/s/files/1/0885/7180/6000/files/ST0406_Black_2.webp?v=1781573517
stetson-canvas-rider-trucker-hat-07-black,Stetson Canvas Rider Trucker Hat,STETSON,gid://shopify/MediaImage/43841971749168,,"Stetson Canvas Rider Trucker Hat, 100% cotton in black",https://cdn.shopify.com/s/files/1/0885/7180/6000/files/ST0406_Black_3.webp?v=1781573517
stetson-skull-trucker-hat-dm-denim,Stetson Skull Trucker Hat,STETSON,gid://shopify/MediaImage/43858511167792,,"Stetson Skull Trucker Hat, 100% cotton in white",https://cdn.shopify.com/s/files/1/0885/7180/6000/files/ST0323_OFF-WHITE_BLACK_1.png?v=1781674395
stetson-skull-trucker-hat-dm-denim,Stetson Skull Trucker Hat,STETSON,gid://shopify/MediaImage/43858511200560,,"Stetson Skull Trucker Hat, 100% cotton, another angle",https://cdn.shopify.com/s/files/1/0885/7180/6000/files/ST0323_OFF-WHITE_BLACK_2.png?v=1781674395
stetson-skull-trucker-hat-dm-denim,Stetson Skull Trucker Hat,STETSON,gid://shopify/MediaImage/43858511233328,,"Stetson Skull Trucker Hat, 100% cotton in white",https://cdn.shopify.com/s/files/1/0885/7180/6000/files/ST0323_OFF-WHITE_BLACK_3.png?v=1781674395
stetson-american-legend-trucker-cap-48-navy,Stetson American Legend Trucker Cap,STETSON,gid://shopify/MediaImage/43842413199664,,"Stetson American Legend Trucker Cap, 100% cotton in navy",https://cdn.shopify.com/s/files/1/0885/7180/6000/files/ST0231_navy_1.webp?v=1781575218
stetson-american-legend-trucker-cap-48-navy,Stetson American Legend Trucker Cap,STETSON,gid://shopify/MediaImage/43842413232432,,"Stetson American Legend Trucker Cap, 100% cotton, another angle",https://cdn.shopify.com/s/files/1/0885/7180/6000/files/ST0231_navy_2.webp?v=1781575218
stetson-american-legend-trucker-cap-48-navy,Stetson American Legend Trucker Cap,STETSON,gid://shopify/MediaImage/43842413265200,,"Stetson American Legend Trucker Cap, 100% cotton in navy",https://cdn.shopify.com/s/files/1/0885/7180/6000/files/ST0231_navy_3.webp?v=1781575218
hot-girls-wear-boots-t-shirt,Hot Girls Wear Boots t-shirt,Moon Ridge Hats and Heritage,gid://shopify/MediaImage/43926053912880,,Moon Ridge Hot Girls Wear Boots t-shirt,https://cdn.shopify.com/s/files/1/0885/7180/6000/files/E97F21D0-7FE1-4DB2-9632-82A979CC26E4.heic?v=1782166970
cowboy-bar-t-shirt,Cowboy Bar t-shirt,Moon Ridge Hats and Heritage,gid://shopify/MediaImage/43926117384496,,Moon Ridge Cowboy Bar t-shirt,https://cdn.shopify.com/s/files/1/0885/7180/6000/files/616840F6-32CA-4E2B-ABF7-40AB3FCF30E3.heic?v=1782167868
bolo,Bolo,Moon Ridge Hats and Heritage,gid://shopify/MediaImage/43926133801264,,Moon Ridge Bolo,https://cdn.shopify.com/s/files/1/0885/7180/6000/files/IMG-5231.jpg?v=1782167990
bolo,Bolo,Moon Ridge Hats and Heritage,gid://shopify/MediaImage/43926133768496,,"Moon Ridge Bolo, another angle",https://cdn.shopify.com/s/files/1/0885/7180/6000/files/IMG-5233.jpg?v=1782167990
bolo,Bolo,Moon Ridge Hats and Heritage,gid://shopify/MediaImage/43926133735728,,Moon Ridge Bolo,https://cdn.shopify.com/s/files/1/0885/7180/6000/files/IMG-5235.jpg?v=1782167990
bolo,Bolo,Moon Ridge Hats and Heritage,gid://shopify/MediaImage/43926133702960,,Moon Ridge Bolo,https://cdn.shopify.com/s/files/1/0885/7180/6000/files/IMG-5237.jpg?v=1782167991
heart-necklace,Heart Necklace,Moon Ridge Hats and Heritage,gid://shopify/MediaImage/43926159589680,,Moon Ridge Heart Necklace,https://cdn.shopify.com/s/files/1/0885/7180/6000/files/IMG-5228.jpg?v=1782168271
gold-drip-satin-scarf,Gold Drip Satin Scarf,Moon Ridge Hats and Heritage,gid://shopify/MediaImage/43926168011056,,Moon Ridge Gold Drip Satin Scarf,https://cdn.shopify.com/s/files/1/0885/7180/6000/files/IMG-5239.jpg?v=1782168406
horse-bit-necklace-with-pearl-18k-gold-dipped,Horse Bit Necklace with Pearl + 18k gold dipped,Moon Ridge Hats and Heritage,gid://shopify/MediaImage/43926226501936,,Moon Ridge Horse Bit Necklace with Pearl + 18k gold dipped,https://cdn.shopify.com/s/files/1/0885/7180/6000/files/IMG-5215.jpg?v=1782169303
silver-and-gold-horse-bit-necklace-14k-gold-plated,Silver and Gold Horse Bit Necklace+14k gold plated,Moon Ridge Hats and Heritage,gid://shopify/MediaImage/43926236627248,,Moon Ridge Silver and Gold Horse Bit Necklace+14k gold plated,https://cdn.shopify.com/s/files/1/0885/7180/6000/files/IMG-5241.jpg?v=1782169637
pendleton-traditions-city-zip-tote-chief-joseph-black,Pendleton Traditions City Zip Tote — Chief Joseph Black,Pendleton,gid://shopify/MediaImage/44142247018800,,Pendleton Traditions City Zip Tote — Chief Joseph Black,https://cdn.shopify.com/s/files/1/0885/7180/6000/files/upload_b1732b8c-dd32-4a39-be14-d5d8f650a262.jpg?v=1784165763
pendleton-traditions-city-zip-tote-chief-joseph-black,Pendleton Traditions City Zip Tote — Chief Joseph Black,Pendleton,gid://shopify/MediaImage/44142247051568,,"Pendleton Traditions City Zip Tote — Chief Joseph Black, another angle",https://cdn.shopify.com/s/files/1/0885/7180/6000/files/upload.jpg?v=1784165763
pendleton-traditions-slim-wallet-chief-joseph-black,Traditions Slim Wallet — Chief Joseph Black,Pendleton,gid://shopify/MediaImage/44142629781808,,Pendleton Traditions Slim Wallet — Chief Joseph Black,https://cdn.shopify.com/s/files/1/0885/7180/6000/files/upload_c3eef7bd-3a5f-4ffe-9e2c-1ab19fd3e7b9.png?v=1784170194
pendleton-traditions-slim-wallet-chief-joseph-black,Traditions Slim Wallet — Chief Joseph Black,Pendleton,gid://shopify/MediaImage/44142629814576,,"Pendleton Traditions Slim Wallet — Chief Joseph Black, another angle",https://cdn.shopify.com/s/files/1/0885/7180/6000/files/upload_cfc76d8a-bd23-4ee3-abc1-6859ecdbbb62.png?v=1784170194
pendleton-traditions-slim-wallet-chief-joseph-black,Traditions Slim Wallet — Chief Joseph Black,Pendleton,gid://shopify/MediaImage/44142629847344,,Pendleton Traditions Slim Wallet — Chief Joseph Black,https://cdn.shopify.com/s/files/1/0885/7180/6000/files/upload_88dca445-4936-4287-a5f3-225664bea0ac.png?v=1784170194
pendleton-classic-patch-trucker-loden,Pendleton Classic Patch Trucker — Loden,Pendleton,gid://shopify/MediaImage/44142957003056,,"Pendleton Classic Patch Trucker — Loden, 100% cotton",https://cdn.shopify.com/s/files/1/0885/7180/6000/files/upload_d6fc0b25-f38d-4772-9c6a-45e4a50fdc83.png?v=1784177543
pendleton-wool-trucker-harding-star-grey,Pendleton Wool Trucker — Harding Star Grey,Pendleton,gid://shopify/MediaImage/44142732509488,,"Pendleton Wool Trucker — Harding Star Grey, 100% cotton",https://cdn.shopify.com/s/files/1/0885/7180/6000/files/upload_dbefcf31-da22-46ed-b0a3-8461514b0e0c.png?v=1784172217
pendleton-wool-trucker-harding-star-grey,Pendleton Wool Trucker — Harding Star Grey,Pendleton,gid://shopify/MediaImage/44142732542256,,"Pendleton Wool Trucker — Harding Star Grey, 100% cotton, another angle",https://cdn.shopify.com/s/files/1/0885/7180/6000/files/upload_8b959a68-0e95-4029-8efa-a1599745e363.png?v=1784172217
pendleton-wool-trucker-harding-star-grey,Pendleton Wool Trucker — Harding Star Grey,Pendleton,gid://shopify/MediaImage/44142732575024,,"Pendleton Wool Trucker — Harding Star Grey, 100% cotton",https://cdn.shopify.com/s/files/1/0885/7180/6000/files/upload_52d57d60-3b18-4072-8f67-728e691f6561.png?v=1784172217
pendleton-eagle-trucker-hat,Pendleton Eagle Trucker Hat,Pendleton,gid://shopify/MediaImage/44142965195056,,"Pendleton Eagle Trucker Hat, 100% cotton",https://cdn.shopify.com/s/files/1/0885/7180/6000/files/upload_1ec3688f-1fbe-4a37-8137-8cab1578c70d.png?v=1784177771
pendleton-eagle-trucker-hat,Pendleton Eagle Trucker Hat,Pendleton,gid://shopify/MediaImage/44142965227824,,"Pendleton Eagle Trucker Hat, 100% cotton, another angle",https://cdn.shopify.com/s/files/1/0885/7180/6000/files/upload_467fd2d4-303a-4cbf-a781-09f13aed4f1f.png?v=1784177771
pendleton-eagle-trucker-hat,Pendleton Eagle Trucker Hat,Pendleton,gid://shopify/MediaImage/44142965260592,,"Pendleton Eagle Trucker Hat, 100% cotton",https://cdn.shopify.com/s/files/1/0885/7180/6000/files/upload_d2f6c6ad-f80a-4411-bf9a-9d927a6731de.png?v=1784177771
pendleton-silk-scarf-herd-of-horses,Pendleton Silk Scarf — Herd of Horses,Pendleton,gid://shopify/MediaImage/44142945632560,,Pendleton Silk Scarf — Herd of Horses,https://cdn.shopify.com/s/files/1/0885/7180/6000/files/upload_10f687c2-bbd8-4fe9-a995-2ff620b371fe.png?v=1784177331
pendleton-silk-scarf-herd-of-horses,Pendleton Silk Scarf — Herd of Horses,Pendleton,gid://shopify/MediaImage/44142945665328,,"Pendleton Silk Scarf — Herd of Horses, another angle",https://cdn.shopify.com/s/files/1/0885/7180/6000/files/upload_836ed79f-2a0c-4080-9139-875e9ecef4bc.png?v=1784177331
pendleton-herd-of-horses-navy-silk-scarf,Pendleton Herd of Horses Navy - Silk Scarf,Pendleton,gid://shopify/MediaImage/44142833598768,,Pendleton Herd of Horses Navy Silk Scarf,https://cdn.shopify.com/s/files/1/0885/7180/6000/files/upload_5210a39a-218a-48f2-afb1-07096e311b38.png?v=1784174891
pendleton-herd-of-horses-navy-silk-scarf,Pendleton Herd of Horses Navy - Silk Scarf,Pendleton,gid://shopify/MediaImage/44142833631536,,"Pendleton Herd of Horses Navy Silk Scarf, another angle",https://cdn.shopify.com/s/files/1/0885/7180/6000/files/upload_1b721fe0-4fed-49b4-aa0d-8751708f5c6b.png?v=1784174891
pendleton-middle-waters-silk-scarf,Pendleton Middle Waters Silk Scarf,Pendleton,gid://shopify/MediaImage/44142844248368,,Pendleton Middle Waters Silk Scarf,https://cdn.shopify.com/s/files/1/0885/7180/6000/files/upload_bc3ca69e-1403-4a1d-b4d5-cbbd6d9fa5e2.png?v=1784175185
pendleton-middle-waters-silk-scarf,Pendleton Middle Waters Silk Scarf,Pendleton,gid://shopify/MediaImage/44142844281136,,"Pendleton Middle Waters Silk Scarf, another angle",https://cdn.shopify.com/s/files/1/0885/7180/6000/files/upload_e6b47471-12a2-413d-aa1a-199c94cae1b0.png?v=1784175185
pendleton-22-embroidered-bandana-raisin,"Pendleton 22"" Embroidered Bandana — Raisin",Pendleton,gid://shopify/MediaImage/44142933115184,,"Pendleton 22"" Embroidered Bandana — Raisin",https://cdn.shopify.com/s/files/1/0885/7180/6000/files/unnamed-26.jpg?v=1784177036
horse-bit-earrings,Horse Bit Earrings,Moon Ridge Hats and Heritage,gid://shopify/MediaImage/44214579822896,,Moon Ridge Horse Bit Earrings,https://cdn.shopify.com/s/files/1/0885/7180/6000/files/70BAA645-DF6A-43F4-8FD5-7863C5AAC9D0.jpg?v=1784909984
big-hoops,Big Hoops,Moon Ridge Hats and Heritage,gid://shopify/MediaImage/44214594208048,,Moon Ridge Big Hoops,https://cdn.shopify.com/s/files/1/0885/7180/6000/files/216F1216-EE30-430F-880D-46F53285DAF7.jpg?v=1784910316
mid-hoops,Mid hoops,Moon Ridge Hats and Heritage,gid://shopify/MediaImage/44214597746992,,Moon Ridge Mid hoops,https://cdn.shopify.com/s/files/1/0885/7180/6000/files/9AD5A55E-E5FE-4B33-A643-73813A82B985.jpg?v=1784910407
halo-earrings,Halo earrings,Moon Ridge Hats and Heritage,gid://shopify/MediaImage/44214600859952,,Moon Ridge Halo earrings,https://cdn.shopify.com/s/files/1/0885/7180/6000/files/611C5673-29F0-4865-895B-BFD665C7896F.jpg?v=1784910487
golden-knot-earrings,Golden knot earrings,Moon Ridge Hats and Heritage,gid://shopify/MediaImage/44214785474864,,Moon Ridge Golden knot earrings,https://cdn.shopify.com/s/files/1/0885/7180/6000/files/53A3E54B-B170-41BA-92C7-096AAB5617B3.jpg?v=1784911161
